id,ka_adi,ka_tip,il_ilce,ilan_tarihi,revizyon_tarihi,alan_ha,ecosystem_type,ecosystem_id,drought_severity,groundwater_sensitivity,fault_distance_m,wetland_proximity_risk,protected_area_importance,drought_norm,groundwater_sensitivity_norm,wetland_proximity_risk_norm,protected_area_importance_norm,ecosystem_water_sensitivity_score
milliparklar.485,YUMURTALIK_LAGÜNÜ_MP,MilliParklar,"Adana-Karatas, Adana-Yumurtalik",2008-12-05 22:00:00+00:00,,16979.9415274,National Park,27,0.9783333333333334,0.8,9445.365371505699,0.8298483618640939,0.17745489604809758,0.9783333333333334,1.0,0.41492418093204697,0.17745489604809758,0.7520197372602907
milliparklar.140,TROYA TARIHI_MP,MilliParklar,"Çanakkale-Ezine, Çanakkale-Çanakkale_Merkez Ilçe",1996-11-06 22:00:00+00:00,,13517.1873703,National Park,16,0.9033333333333333,0.8,29275.346539540962,1.0,0.15468756749652593,0.9033333333333333,1.0,0.5,0.15468756749652593,0.7393698017911455
tabiatparki.621,POYRAZLAR GÖLÜ_TP,TabiatParklari,"Sakarya-Sögütlü, Sakarya-Adapazari",2011-07-10 21:00:00+00:00,2012-06-14 21:00:00+00:00,231.000585953,Nature Park,280,0.9383333333333334,0.8,3449.0592965614155,0.9804102726095735,0.002690843864329118,0.9383333333333334,1.0,0.49020513630478674,0.002690843864329118,0.7268613205072733
milliparklar.573,BEYSEHIR GÖLÜ_MP,MilliParklar,"Isparta-Yenisarbademli, Isparta-Sütçüler, Isparta-Sarkikaraagaç, Isparta-Aksu, Konya-Hüyük, Konya-Beysehir",1993-01-10 22:00:00+00:00,2018-11-26 21:00:00+00:00,82156.8951,National Park,38,0.8083333333333332,0.8,13892.745660730536,0.0,0.8833940285121217,0.8083333333333332,1.0,0.0,0.8833940285121217,0.7154257709434848
milliparklar.616,KIZILDAG_MP,MilliParklar,"Isparta-Yenisarbademli, Isparta-Sütçüler, Isparta-Sarkikaraagaç, Isparta-Aksu, Konya-Hüyük, Isparta-Gelendost, Konya-Beysehir, Isparta-Egirdir",1969-05-08 22:00:00+00:00,2018-11-26 21:00:00+00:00,80200.4197,National Park,41,0.815,0.8,9712.308497251879,0.0,0.8650568721382613,0.815,1.0,0.0,0.8650568721382613,0.7150085308207391
tabiatparki.326,SARIMSAKLI_TP,TabiatParklari,Balikesir-Ayvalik,2011-07-10 21:00:00+00:00,2025-04-21 21:00:00+00:00,1.84,Nature Park,159,0.865,0.8,39293.367136865,1.0,0.0,0.865,1.0,0.5,0.0,0.7027499999999999
milliparklar.678,AKDAG_MP,MilliParklar,"Denizli-Çivril, Afyonkarahisar-Sandikli",2024-01-16 21:00:00+00:00,,15933.0,National Park,46,0.8816666666666667,0.8,8678.799906412598,0.655502108089666,0.17386295288076148,0.8816666666666667,1.0,0.327751054044833,0.17386295288076148,0.700212987074414
milliparklar.71,ALADAGLAR_MP,MilliParklar,"Kayseri-Yahyali, Adana-Aladag, Nigde-Çamardi",1995-04-20 21:00:00+00:00,,55064.4081176,National Park,11,0.8583333333333334,0.8,8065.762167165872,0.0,0.5930379489399467,0.8583333333333334,1.0,0.0,0.5930379489399467,0.6893723590076586
milliparklar.705,SAKARYA_MP,MilliParklar,"Ankara-Polatli, Ankara-Haymana",2015-02-07 22:00:00+00:00,2025-03-20 21:00:00+00:00,22487.79,National Park,48,1.0,0.8,23861.797825892532,0.0,0.25341124504020707,1.0,1.0,0.0,0.25341124504020707,0.688011686756031
tabiatparki.543,SULTANDAGI_TP,TabiatParklari,Afyonkarahisar-Sultandagi,2020-04-05 21:00:00+00:00,,96.9,Nature Park,251,0.8083333333333332,0.8,971.9085094165868,1.0,0.001044655007010317,0.8083333333333332,1.0,0.5,0.001044655007010317,0.6830733649177181
milliparklar.565,BASKOMUTAN TARIHI_MP,MilliParklar,"Usak-Banaz, Afyonkarahisar-Afyonkarahisar_Merkez Ilçe, Afyonkarahisar-Sandikli, Kütahya-Altintas, Afyonkarahisar-Sinanpasa, Kütahya-Dumlupinar, Afyonkarahisar-Iscehisar",1981-11-07 21:00:00+00:00,2016-12-16 21:00:00+00:00,34833.6042374,National Park,37,0.9266666666666667,0.8,7401.530465315279,0.0,0.3853432471554239,0.9266666666666667,1.0,0.0,0.3853432471554239,0.682134820406647
milliparklar.708,GEBEN VADISI_MP,MilliParklar,"Kahramanmaras-Göksun, Kahramanmaras-Onikisubat, Kahramanmaras-Andirin",2025-05-29 21:00:00+00:00,,20323.97,National Park,49,0.9766666666666666,0.8,1838.8868444793459,0.0,0.21913960747793915,0.9766666666666666,1.0,0.0,0.21913960747793915,0.6747042744550241
milliparklar.26,TEKTEK DAGLARI_MP,MilliParklar,"Sanliurfa-Eyyübiye, Sanliurfa-Harran, Sanliurfa-Haliliye",2007-05-28 21:00:00+00:00,,19335.2405307,National Park,2,0.9533333333333335,0.8,13059.638544218535,0.0,0.20418114053834843,0.9533333333333335,1.0,0.0,0.20418114053834843,0.664293837747419
milliparklar.52,SULTAN SAZLIGI_MP,MilliParklar,"Kayseri-Yahyali, Kayseri-Yesilhisar, Kayseri-Develi",2006-03-16 22:00:00+00:00,,24357.6991384,National Park,6,0.8266666666666667,0.8,8383.540201310581,0.3231333960303325,0.26609063781125053,0.8266666666666667,1.0,0.16156669801516624,0.26609063781125053,0.6615602686080542
tabiatparki.492,GÖKÇETEPE_TP,TabiatParklari,Edirne-Kesan,2011-07-10 21:00:00+00:00,2021-09-30 21:00:00+00:00,108.8,Nature Park,234,1.0,0.8,13622.874862474258,0.0,0.0012474267126093982,1.0,1.0,0.0,0.0012474267126093982,0.6501871140068913
tabiatparki.262,BELEN GEÇIDI_TP,TabiatParklari,Hatay-Belen,2014-04-08 21:00:00+00:00,,44.709,Nature Park,133,1.0,0.8,2674.7671295368123,0.0,0.00044416978211055417,1.0,1.0,0.0,0.00044416978211055417,0.6500666254673165
tabiatparki.586,DÜLÜKBABA_TP,TabiatParklari,Gaziantep-Sehitkamil,2011-07-10 21:00:00+00:00,2013-06-09 21:00:00+00:00,306.002085461,Nature Park,268,0.99,0.8,21636.171875942444,0.0,0.0032179114529948018,0.99,1.0,0.0,0.0032179114529948018,0.6469826867179492
tabiatparki.348,ALLEBEN-YAMAÇTEPE_TP,TabiatParklari,Gaziantep-Sahinbey,2016-04-21 21:00:00+00:00,,282.4479281,Nature Park,166,0.99,0.8,25369.767820431513,0.0,0.00296350960277803,0.99,1.0,0.0,0.00296350960277803,0.6469445264404167
tabiatparki.210,BURÇ_TP,TabiatParklari,"Gaziantep-Sehitkamil, Gaziantep-Sahinbey",2012-05-04 21:00:00+00:00,,192.461422965,Nature Park,121,0.99,0.8,29667.93828040652,0.0,0.002011454709695616,0.99,1.0,0.0,0.002011454709695616,0.6468017182064543
tabiatparki.360,GAZIANTEP_MILLI_MÜCADELE_TP,TabiatParklari,Gaziantep-Sahinbey,2018-06-06 21:00:00+00:00,,29.6191074,Nature Park,172,0.99,0.8,48122.07213701206,0.0,0.00029095486855582097,0.99,1.0,0.0,0.00029095486855582097,0.6465436432302833
milliparklar.574,KÖPRÜLÜ_KANYON_MP,MilliParklar,"Antalya-Serik, Isparta-Sütçüler, Antalya-Manavgat",1973-12-11 22:00:00+00:00,2020-02-24 21:00:00+00:00,47473.0,National Park,39,0.7716666666666666,0.8,45181.35416791291,0.0,0.5089032324047188,0.7716666666666666,1.0,0.0,0.5089032324047188,0.6464188181940411
tabiatparki.396,SAHIN_TEPESI_TP,TabiatParklari,Hatay-Erzin,2018-05-14 21:00:00+00:00,,90.7032636,Nature Park,191,0.9783333333333334,0.8,7361.239594119687,0.0,0.0009342318074667919,0.9783333333333334,1.0,0.0,0.0009342318074667919,0.6425568014377867
tabiatparki.627,ÇIFTMAZI_TP,TabiatParklari,Osmaniye-Osmaniye_Merkez Ilçe,2011-07-10 21:00:00+00:00,2020-12-08 21:00:00+00:00,89.92,Nature Park,285,0.9783333333333334,0.8,2478.0858167676092,0.0,0.0005066950152118027,0.9783333333333334,1.0,0.0,0.0005066950152118027,0.6424926709189485
tabiatparki.59,KAPIÇAM_TP,TabiatParklari,Kahramanmaras-Dulkadiroglu,2008-09-25 21:00:00+00:00,,179.034605483,Nature Park,59,0.9766666666666666,0.8,1196.7128636441794,0.0,0.0018920525528123185,0.9766666666666666,1.0,0.0,0.0018920525528123185,0.6421171412162551
tabiatparki.82,AYVALIK ADALARI_TP,TabiatParklari,Balikesir-Ayvalik,1995-04-20 21:00:00+00:00,,19624.2658743,Nature Park,61,0.865,0.8,28373.058524538832,0.0,0.22075705492015463,0.865,1.0,0.0,0.22075705492015463,0.6358635582380231
tabiatparki.632,GÖLPINAR_TP,TabiatParklari,"Sanliurfa-Karaköprü, Sanliurfa-Haliliye",2011-07-10 21:00:00+00:00,2020-08-02 21:00:00+00:00,464.6,Nature Park,287,0.9533333333333335,0.8,13485.012670382754,0.0,0.004915296136551708,0.9533333333333335,1.0,0.0,0.004915296136551708,0.6344039610871495
milliparklar.535,DILEK YARIMADASI-BÜYÜK MENDERES DELTASI_MP,MilliParklar,"Aydin-Söke, Aydin-Didim, Aydin-Kusadasi",1966-05-18 22:00:00+00:00,,27598.162179,National Park,34,0.8183333333333334,0.8,6407.941414021141,0.0,0.2960197631526287,0.8183333333333334,1.0,0.0,0.2960197631526287,0.6308196311395609
tabiatparki.83,SÜLÜKLÜGÖL_TP,TabiatParklari,"Bolu-Göynük, Sakarya-Akyazi, Bolu-Mudurnu",2011-11-21 22:00:00+00:00,,802.916668962,Nature Park,62,0.9383333333333334,0.8,4777.53928456058,0.0,0.009318854522120628,0.9383333333333334,1.0,0.0,0.009318854522120628,0.6298144948449848
tabiatparki.642,HARMANKAYA_KANYONU_TP,TabiatParklari,"Bilecik-Inhisar, Bilecik-Yenipazar",2012-12-25 22:00:00+00:00,2016-03-31 21:00:00+00:00,397.594024191,Nature Park,296,0.9383333333333334,0.8,15079.082326978441,0.0,0.004550776424613725,0.9383333333333334,1.0,0.0,0.004550776424613725,0.6290992831303587
tabiatparki.208,KUZUYAYLA_TP,TabiatParklari,"Kocaeli-Kartepe, Sakarya-Sapanca",2011-07-10 21:00:00+00:00,,109.784722767,Nature Park,120,0.9383333333333334,0.8,6795.51111182568,0.0,0.001260147937651827,0.9383333333333334,1.0,0.0,0.001260147937651827,0.6286056888573144
tabiatparki.546,IL ORMANI_TP,TabiatParklari,"Sakarya-Arifiye, Sakarya-Sapanca",2011-07-10 21:00:00+00:00,2013-05-27 21:00:00+00:00,102.910954351,Nature Park,253,0.9383333333333334,0.8,115.17840692045809,0.0,0.0011824217564309876,0.9383333333333334,1.0,0.0,0.0011824217564309876,0.6285940299301312
tabiatparki.304,GAP SELALESI_TP,TabiatParklari,Mardin-Derik,2017-11-16 21:00:00+00:00,,52.7843,Nature Park,150,0.9383333333333334,0.8,63880.88729361383,0.0,0.000541538657902074,0.9383333333333334,1.0,0.0,0.000541538657902074,0.6284978974653519
milliparklar.247,BOGAZKÖY-ALACAHÖYÜK_MP,MilliParklar,Çorum-Bogazkale,1988-09-20 21:00:00+00:00,,2600.43768009,National Park,18,0.9183333333333333,0.8,16304.571888485316,0.0,0.029796043857033445,0.9183333333333333,1.0,0.0,0.029796043857033445,0.6258860732452216
tabiatparki.339,DANAMANDIRA_TP,TabiatParklari,Istanbul-Silivri,2015-12-15 22:00:00+00:00,,381.0879247,Nature Park,160,0.9283333333333333,0.8,63946.82293332414,0.0,0.004519419317832257,0.9283333333333333,1.0,0.0,0.004519419317832257,0.6255945795643414
milliparklar.475,KAZDAGI_MP,MilliParklar,"Balikesir-Edremit, Çanakkale-Bayramiç",1994-04-16 21:00:00+00:00,,20934.8333967,National Park,25,0.8283333333333333,0.8,5786.709505472582,0.0,0.2376314010432401,0.8283333333333333,1.0,0.0,0.2376314010432401,0.6255613768231527
tabiatparki.487,MUSAÖZÜ_TP,TabiatParklari,Eskisehir-Tepebasi,2011-07-10 21:00:00+00:00,2017-12-28 21:00:00+00:00,128.9737382,Nature Park,231,0.9266666666666667,0.8,12231.004928740054,0.0,0.00144305611772741,0.9266666666666667,1.0,0.0,0.00144305611772741,0.6245497917509926
tabiatparki.197,ENNE BARAJI_TP,TabiatParklari,Kütahya-Kütahya_Merkez Ilçe,2011-07-10 21:00:00+00:00,,47.2272227963,Nature Park,109,0.9266666666666667,0.8,1018.4562635433543,0.0,0.0005117503038936359,0.9266666666666667,1.0,0.0,0.0005117503038936359,0.6244100958789175
tabiatparki.152,ÇAMLICA_TP,TabiatParklari,Kütahya-Kütahya_Merkez Ilçe,2011-07-10 21:00:00+00:00,,34.6067070898,Nature Park,80,0.9266666666666667,0.8,271.04392555090413,0.0,0.0003690525872409101,0.9266666666666667,1.0,0.0,0.0003690525872409101,0.6243886912214195
tabiatparki.4,POLONEZKÖY_TP,TabiatParklari,"Istanbul-Beykoz, Istanbul-Çekmeköy",1994-07-14 21:00:00+00:00,,2931.31749922,Nature Park,51,0.91,0.8,48659.14108672825,0.0,0.03468180542062186,0.91,1.0,0.0,0.03468180542062186,0.6237022708130934
milliparklar.512,YOZGAT ÇAMLIGI_MP,MilliParklar,Yozgat-Yozgat_Merkez Ilçe,1958-02-04 22:00:00+00:00,2022-06-06 21:00:00+00:00,517.33,National Park,31,0.9183333333333333,0.8,54405.04057192476,0.0,0.005873180621372215,0.9183333333333333,1.0,0.0,0.005873180621372215,0.6222976437598724
milliparklar.531,MUNZUR VADISI_MP,MilliParklar,"Tunceli-Ovacik, Tunceli-Tunceli_Merkez Ilçe, Erzincan-Kemah",1971-12-20 22:00:00+00:00,,42674.485964,National Park,33,0.7116666666666666,0.8,4298.781354447567,0.0,0.4799704232582002,0.7116666666666666,1.0,0.0,0.4799704232582002,0.6210788968220633
milliparklar.530,NEMRUT DAGI_MP,MilliParklar,"Adiyaman-Gerger, Adiyaman-Sincik, Adiyaman-Kahta",1988-12-06 22:00:00+00:00,,13827.2767551,National Park,32,0.8483333333333333,0.8,535.9062090999421,0.0,0.14960550487686794,0.8483333333333333,1.0,0.0,0.14960550487686794,0.6193574923981967
tabiatparki.689,KAGITHANE HASDAL_TP,TabiatParklari,"Istanbul-Eyüp, Istanbul-Sariyer, Istanbul-Kagithane",2024-03-22 21:00:00+00:00,,362.64,Nature Park,313,0.91,0.8,37748.028211845485,0.0,0.004277174616950544,0.91,1.0,0.0,0.004277174616950544,0.6191415761925426
tabiatparki.205,SAMLAR_TP,TabiatParklari,"Istanbul-Arnavutköy, Istanbul-Basaksehir",2011-07-10 21:00:00+00:00,,334.429108053,Nature Park,117,0.91,0.8,38750.985297728206,0.0,0.003943242168138369,0.91,1.0,0.0,0.003943242168138369,0.6190914863252208
milliparklar.13,BEYDAGLARI SAHIL_MP,MilliParklar,"Antalya-Kumluca, Antalya-Kemer, Antalya-Konyaalti",1972-03-15 22:00:00+00:00,,31165.8767792,National Park,1,0.7716666666666666,0.8,70856.01473537965,0.0,0.3248589691199561,0.7716666666666666,1.0,0.0,0.3248589691199561,0.6188121787013267
tabiatparki.582,GÖKTÜRK GÖLETI_TP,TabiatParklari,Istanbul-Eyüp,2011-07-10 21:00:00+00:00,2022-06-06 21:00:00+00:00,79.16,Nature Park,266,0.91,0.8,47186.71569920191,0.0,0.0009189884532009503,0.91,1.0,0.0,0.0009189884532009503,0.6186378482679802
tabiatparki.109,AYVATBENDI_TP,TabiatParklari,Istanbul-Eyüp,2011-07-10 21:00:00+00:00,,51.0458862057,Nature Park,68,0.91,0.8,48609.61610092256,0.0,0.0005853719893141205,0.91,1.0,0.0,0.0005853719893141205,0.6185878057983971
tabiatparki.620,MARMARACIK KOYU_TP,TabiatParklari,Istanbul-Sariyer,2011-07-10 21:00:00+00:00,2018-05-20 21:00:00+00:00,27.3788859,Nature Park,279,0.91,0.8,59375.656067920696,0.0,0.00030475758156433625,0.91,1.0,0.0,0.00030475758156433625,0.6185457136372347
tabiatparki.158,MEHMETAKIF ERSOY_TP,TabiatParklari,Istanbul-Sariyer,2011-07-10 21:00:00+00:00,,23.7186212092,Nature Park,86,0.91,0.8,45674.94385255382,0.0,0.00026067918761505564,0.91,1.0,0.0,0.00026067918761505564,0.6185391018781423
tabiatparki.155,HAZAR GÖLÜ_TP,TabiatParklari,Elazig-Sivrice,2011-07-10 21:00:00+00:00,,22.5002186171,Nature Park,83,0.8066666666666666,0.8,2981.1398500718387,0.3595580093147119,0.00022630550438839937,0.8066666666666666,1.0,0.17977900465735594,0.00022630550438839937,0.6183230800904629
tabiatparki.526,ISPARTA_GÖLCÜK_TP,TabiatParklari,"Isparta-Isparta_Merkez Ilçe, Burdur-Aglasun, Burdur-Burdur_Merkez Ilçe",1991-07-04 21:00:00+00:00,2023-11-24 21:00:00+00:00,4389.34,Nature Park,245,0.8816666666666667,0.8,4443.157184896099,0.0,0.05353852585966598,0.8816666666666667,1.0,0.0,0.05353852585966598,0.6166141122122831
milliparklar.714,BOTAN VADISI MP,MilliParklar,"Siirt-Siirt_Merkez Ilçe, Siirt-Eruh, Siirt-Tillo",2019-08-14 21:00:00+00:00,2025-09-13 21:00:00+00:00,11523.0,National Park,50,0.8366666666666666,0.8,15668.132007483322,0.0,0.1245480366961896,0.8366666666666666,1.0,0.0,0.1245480366961896,0.6115155388377618
tabiatparki.494,DINAR_PINARLI_TP,TabiatParklari,Afyonkarahisar-Dinar,2020-03-13 21:00:00+00:00,,239.21,Nature Park,236,0.8816666666666667,0.8,3446.6483419825363,0.0,0.0025675070167373005,0.8816666666666667,1.0,0.0,0.0025675070167373005,0.6089684593858439
tabiatparki.199,KARATAS_TP,TabiatParklari,Adana-Karatas,2011-07-10 21:00:00+00:00,,29.8671511407,Nature Park,111,0.88,0.8,838.2605365563886,0.0,0.000290746529319339,0.88,1.0,0.0,0.000290746529319339,0.6080436119793979
tabiatparki.263,AMAZON_TP,TabiatParklari,Samsun-Terme,2015-09-20 21:00:00+00:00,,562.5872386,Nature Park,134,0.59,0.8,88872.87784735447,1.0,0.006672393555441561,0.59,1.0,0.5,0.006672393555441561,0.6075008590333162
tabiatparki.619,MALABADI_TP,TabiatParklari,Batman-Kozluk,2011-07-10 21:00:00+00:00,2019-03-11 21:00:00+00:00,95.9561583,Nature Park,278,0.8733333333333334,0.8,17692.516127234932,0.0,0.0010230656285272592,0.8733333333333334,1.0,0.0,0.0010230656285272592,0.6058201265109457
tabiatparki.89,BAFA GÖLÜ_TP,TabiatParklari,"Aydin-Söke, Aydin-Didim, Mugla-Milas",1994-07-07 21:00:00+00:00,,11842.0731943,Nature Park,64,0.8183333333333334,0.8,16002.822581243296,0.0,0.12663554111208497,0.8183333333333334,1.0,0.0,0.12663554111208497,0.6054119978334793
tabiatparki.310,BELEMEDIK_TP,TabiatParklari,"Adana-Karaisali, Adana-Pozanti",2014-12-01 22:00:00+00:00,,4349.1013,Nature Park,152,0.8516666666666666,0.8,2315.0010071214483,0.0,0.04629826185805805,0.8516666666666666,1.0,0.0,0.04629826185805805,0.6050280726120421
milliparklar.235,MANYAS KUSCENNETI_MP,MilliParklar,"Balikesir-Bandirma, Balikesir-Manyas",1959-07-26 22:00:00+00:00,,17058.365108,National Park,17,0.7833333333333333,0.8,11338.045169296263,0.0,0.1965846851745481,0.7833333333333333,1.0,0.0,0.1965846851745481,0.6036543694428489
milliparklar.65,KURE_DAGLARI_MP,MilliParklar,"Bartin-Kurucasile, Kastamonu-Pinarbasi, Kastamonu-Senpazar, Bartin-Amasra, Bartin-Ulus, Bartin-Bartin_Merkez Ilçe, Kastamonu-Cide, Kastamonu-Azdavay",2000-07-06 21:00:00+00:00,,37753.3752005,National Park,8,0.6716666666666667,0.8,65079.051263953006,0.0,0.4559536177460726,0.6716666666666667,1.0,0.0,0.4559536177460726,0.6034763759952443
milliparklar.504,HAKKARI CILO VE SAT DAGLARI_MP,MilliParklar,"Hakkari-Semdinli, Hakkari-Hakkari_Merkez Ilçe, Hakkari-Yüksekova",2020-09-25 21:00:00+00:00,,27500.0,National Park,28,0.74,0.8,106.96832781248257,0.0,0.2933595740698761,0.74,1.0,0.0,0.2933595740698761,0.6030039361104813
tabiatparki.488,GÖGEM ZAFER_TP,TabiatParklari,Usak-Usak_Merkez Ilçe,2018-05-15 21:00:00+00:00,2019-03-11 21:00:00+00:00,150.2452032,Nature Park,232,0.8616666666666667,0.8,12372.588057182831,0.0,0.0016382726631945287,0.8616666666666667,1.0,0.0,0.0016382726631945287,0.6018290742328125
milliparklar.536,KARATEPE ASLANTAS_MP,MilliParklar,"Osmaniye-Kadirli, Osmaniye-Düziçi",1958-05-28 22:00:00+00:00,,4142.90862971,National Park,35,0.8433333333333334,0.8,5981.257316545932,0.0,0.04397719380204967,0.8433333333333334,1.0,0.0,0.04397719380204967,0.601763245736974
tabiatparki.359,YEDIKAPI_TP,TabiatParklari,Afyonkarahisar-Bolvadin,2018-05-28 21:00:00+00:00,,215.8602842,Nature Park,171,0.855,0.8,17759.340495751527,0.0,0.0023770091432827847,0.855,1.0,0.0,0.0023770091432827847,0.5996065513714923
milliparklar.80,AGRIDAGI_MP,MilliParklar,"Igdir-Aralik, Igdir-Karakoyunlu, Igdir-Igdir_Merkez Ilçe, Agri-Dogubayazit",2004-11-16 22:00:00+00:00,,88014.803651,National Park,14,0.4266666666666667,0.8,3059.724371633192,0.0,1.0,0.4266666666666667,1.0,0.0,1.0,0.5993333333333334
milliparklar.72,MARMARIS_MP,MilliParklar,"Mugla-Marmaris, Mugla-Köycegiz",1996-03-07 22:00:00+00:00,,29206.0219929,National Park,12,0.72,0.8,2854.8804060604966,0.0,0.30694822410308836,0.72,1.0,0.0,0.30694822410308836,0.5980422336154633
tabiatparki.589,MAVI BOGAZ_TP,TabiatParklari,"Konya-Akören, Konya-Bozkir",2021-12-21 21:00:00+00:00,,530.0,Nature Park,271,0.8433333333333334,0.8,33505.625020049345,0.0,0.005739074590010271,0.8433333333333334,1.0,0.0,0.005739074590010271,0.5960275278551682
tabiatparki.539,HUZURLU_TP,TabiatParklari,"Osmaniye-Osmaniye_Merkez Ilçe, Gaziantep-Islahiye",2016-04-21 21:00:00+00:00,2021-10-27 21:00:00+00:00,150.0,Nature Park,250,0.8433333333333334,0.8,9955.187957032711,0.0,0.001559803594254784,0.8433333333333334,1.0,0.0,0.001559803594254784,0.5954006372058048
tabiatparki.257,KADINÇAYIRI_TP,TabiatParklari,"Kastamonu-Kastamonu_Merkez Ilçe, Çankiri-Ilgaz",2012-09-04 21:00:00+00:00,,422.048071494,Nature Park,130,0.8416666666666667,0.8,127.84023607350518,0.0,0.004968867727397365,0.8416666666666667,1.0,0.0,0.004968867727397365,0.5953286634924428
milliparklar.646,ISTIKLAL_YOLU_TARIHI_MP,MilliParklar,"Kastamonu-Kastamonu_Merkez Ilçe, Kastamonu-Küre, Çankiri-Çankiri_Merkez Ilçe, Kastamonu-Inebolu, Çankiri-Korgun, Kastamonu-Seydiler, Çankiri-Ilgaz",2018-11-01 21:00:00+00:00,,235.7,National Park,43,0.8416666666666667,0.8,18338.8479904431,0.0,0.0027745872303920386,0.8416666666666667,1.0,0.0,0.0027745872303920386,0.594999521417892
tabiatparki.203,KENBAG_TP,TabiatParklari,Çankiri-Çankiri_Merkez Ilçe,2011-07-10 21:00:00+00:00,,35.9982837044,Nature Park,115,0.8416666666666667,0.8,3466.713778730071,0.0,0.00039984431194780017,0.8416666666666667,1.0,0.0,0.00039984431194780017,0.5946433099801254
milliparklar.507,SPIL DAGI_MP,MilliParklar,"Manisa-Sehzadeler, Izmir-Kemalpasa, Manisa-Yunusemre",1968-04-21 22:00:00+00:00,,6801.02620794,National Park,29,0.805,0.8,3975.8807175989746,0.0,0.07484319563887426,0.805,1.0,0.0,0.07484319563887426,0.5929764793458311
tabiatparki.409,TILLO_TP,TabiatParklari,Siirt-Tillo,2014-08-28 21:00:00+00:00,,40.1504659,Nature Park,194,0.8366666666666666,0.8,6456.740044486935,0.0,0.00041318324043948014,0.8366666666666666,1.0,0.0,0.00041318324043948014,0.5928953108193993
tabiatparki.490,SIKLIK_TP,TabiatParklari,Çorum-Çorum_Merkez Ilçe,2009-07-07 21:00:00+00:00,2020-10-12 21:00:00+00:00,272.0,Nature Park,233,0.835,0.8,995.0490169130633,0.0,0.0031512193466953857,0.835,1.0,0.0,0.0031512193466953857,0.5927226829020042
milliparklar.677,ULUDAG_MP,MilliParklar,"Bursa-Inegöl, Bursa-Yildirim, Bursa-Keles, Bursa-Osmangazi, Bursa-Kestel",1961-09-19 22:00:00+00:00,2023-07-14 21:00:00+00:00,10978.0,National Park,45,0.7783333333333333,0.8,6817.9637246731345,0.0,0.12613239740005258,0.7783333333333333,1.0,0.0,0.12613239740005258,0.5913365262766744
tabiatparki.311,TALAT GÖKTEPE_TP,TabiatParklari,Mersin-Erdemli,2011-07-10 21:00:00+00:00,,26.1452391966,Nature Park,153,0.8316666666666667,0.8,32185.031290022867,0.0,0.0002522724734065955,0.8316666666666667,1.0,0.0,0.0002522724734065955,0.5911211742043443
tabiatparki.515,MERYEMANA_TP,TabiatParklari,Izmir-Selçuk,2008-04-21 21:00:00+00:00,2015-08-12 21:00:00+00:00,354.7518147,Nature Park,244,0.8183333333333334,0.8,2412.353399385257,0.0,0.003816261384511007,0.8183333333333334,1.0,0.0,0.003816261384511007,0.5869891058743433
tabiatparki.555,EFEOGLU_TP,TabiatParklari,"Izmir-Torbali, Izmir-Buca",2011-07-10 21:00:00+00:00,2018-06-03 21:00:00+00:00,24.0666781,Nature Park,256,0.8183333333333334,0.8,2127.095415340657,0.0,0.00024209754885862154,0.8183333333333334,1.0,0.0,0.00024209754885862154,0.5864529812989954
tabiatparki.293,GÜMÜLDÜR_TP,TabiatParklari,Izmir-Seferihisar,2011-07-10 21:00:00+00:00,,7.36751047175,Nature Park,145,0.8183333333333334,0.8,196.52740951596024,0.0,5.9329694445782414e-05,0.8183333333333334,1.0,0.0,5.9329694445782414e-05,0.5864255661208334
tabiatparki.90,BALLIKAYALAR_TP,TabiatParklari,"Kocaeli-Dilovasi, Kocaeli-Gebze",1995-09-05 21:00:00+00:00,,1602.97295638,Nature Park,65,0.81,0.8,14930.423384903688,0.0,0.018809005678321937,0.81,1.0,0.0,0.018809005678321937,0.5863213508517482
tabiatparki.28,AKYOKUS_TP,TabiatParklari,Konya-Meram,2011-07-10 21:00:00+00:00,,21.5656035,Nature Park,53,0.8133333333333334,0.8,459.6422953947114,0.0,0.00021231052940306924,0.8133333333333334,1.0,0.0,0.00021231052940306924,0.5846985132460771
tabiatparki.286,KAVAKLIMESE_KORUSU_TP,TabiatParklari,Kirklareli-Kirklareli_Merkez Ilçe,2011-07-10 21:00:00+00:00,2022-01-25 21:00:00+00:00,71.76,Nature Park,142,0.8116666666666666,0.8,118989.74294477631,0.0,0.0008433207178443572,0.8116666666666666,1.0,0.0,0.0008433207178443572,0.5842098314410099
tabiatparki.685,ORTABURUN_TP,TabiatParklari,Yalova-Çinarcik,2023-04-06 21:00:00+00:00,,152.67,Nature Park,312,0.81,0.8,3625.6105450436753,0.0,0.0017596234844978321,0.81,1.0,0.0,0.0017596234844978321,0.5837639435226746
tabiatparki.658,DELMECE YAYLASI_TP,TabiatParklari,"Yalova-Çinarcik, Yalova-Armutlu",2011-07-10 21:00:00+00:00,2023-07-04 21:00:00+00:00,49.57,Nature Park,304,0.81,0.8,5118.755066873224,0.0,0.000556538081774655,0.81,1.0,0.0,0.000556538081774655,0.5835834807122661
tabiatparki.418,EGIL PEYGAMBERLER_TP,TabiatParklari,Diyarbakir-Egil,2017-06-15 21:00:00+00:00,,134.1392291,Nature Park,196,0.8066666666666666,0.8,23438.947212996984,0.0,0.0014428839911146177,0.8066666666666666,1.0,0.0,0.0014428839911146177,0.5825497659320006
tabiatparki.36,HAMSILOS KOYU_TP,TabiatParklari,Sinop-Sinop_Merkez Ilçe,2007-08-23 21:00:00+00:00,,67.899170432,Nature Park,55,0.52,0.8,36232.2498537623,1.0,0.0008069313553483393,0.52,1.0,0.5,0.0008069313553483393,0.5821210397033022
tabiatparki.204,YAMANLAR DAGI_TP,TabiatParklari,"Izmir-Menemen, Izmir-Karsiyaka",2011-07-10 21:00:00+00:00,,40.776282785,Nature Park,116,0.805,0.8,6795.36846793507,0.0,0.0004279499732967117,0.805,1.0,0.0,0.0004279499732967117,0.5818141924959945
tabiatparki.174,ÇIÇEKLI_TP,TabiatParklari,Izmir-Bornova,2011-07-10 21:00:00+00:00,,21.0976101924,Nature Park,95,0.805,0.8,550.3130337062922,0.0,0.00021116818716567488,0.805,1.0,0.0,0.00021116818716567488,0.5817816752280749
tabiatparki.392,KINIK SELALESI_TP,TabiatParklari,Bilecik-Bilecik_Merkez Ilçe,2018-06-03 21:00:00+00:00,,111.1016015,Nature Park,187,0.8016666666666667,0.8,8459.722687093901,0.0,0.001259838364586234,0.8016666666666667,1.0,0.0,0.001259838364586234,0.5807723090880212
milliparklar.537,GÜLLÜK DAGI-TERMESOS_MP,MilliParklar,"Antalya-Dösemealti, Antalya-Korkuteli, Antalya-Konyaalti",1970-11-02 22:00:00+00:00,,6699.97734406,National Park,36,0.7716666666666666,0.8,92116.0887698277,0.0,0.07058365733834902,0.7716666666666666,1.0,0.0,0.07058365733834902,0.5806708819340857
tabiatparki.162,DIKILITAS_TP,TabiatParklari,Mersin-Anamur,2011-07-10 21:00:00+00:00,,33.3346964752,Nature Park,89,0.795,0.8,85851.18605917195,0.0,0.00032303572761879025,0.795,1.0,0.0,0.00032303572761879025,0.5782984553591427
milliparklar.420,KOVADA GÖLÜ_MP,MilliParklar,"Isparta-Egirdir, Isparta-Sütçüler",1970-11-02 22:00:00+00:00,,6550.70883336,National Park,23,0.75,0.8,3001.909065472572,0.0,0.07023836785710058,0.75,1.0,0.0,0.07023836785710058,0.5730357551785651
tabiatparki.483,DAGILCAK_TP,TabiatParklari,Adana-Kozan,2011-07-10 21:00:00+00:00,2018-05-10 21:00:00+00:00,23.3147232,Nature Park,228,0.78,0.8,2393.60300616052,0.0,0.0002286027904982946,0.78,1.0,0.0,0.0002286027904982946,0.5730342904185747
tabiatparki.150,KURSUNLU SELALESI_TP,TabiatParklari,Antalya-Aksu,1991-05-20 21:00:00+00:00,,596.542901339,Nature Park,78,0.7716666666666666,0.8,82444.7894583746,0.0,0.006271060999839716,0.7716666666666666,1.0,0.0,0.006271060999839716,0.5710239924833093
tabiatparki.454,GÜVER_KANYONU_TP,TabiatParklari,"Antalya-Dösemealti, Antalya-Konyaalti",2020-04-05 21:00:00+00:00,,262.9,Nature Park,213,0.7716666666666666,0.8,95383.1330622631,0.0,0.002748456213845695,0.7716666666666666,1.0,0.0,0.002748456213845695,0.5704956017654101
tabiatparki.712,KANGAL_BALIKLIGÖL_TP,TabiatParklari,Sivas-Kangal,2025-07-12 21:00:00+00:00,,47.9,Nature Park,322,0.7716666666666666,0.8,17220.869189677276,0.0,0.0005175647713936567,0.7716666666666666,1.0,0.0,0.0005175647713936567,0.5701609680490424
milliparklar.648,DEREBUCAK ÇAMLIK MAGARALARI_MP,MilliParklar,"Konya-Derebucak, Antalya-Akseki",2013-11-28 22:00:00+00:00,2022-06-06 21:00:00+00:00,1147.36,National Park,44,0.7616666666666667,0.8,46648.94500863171,0.0,0.012196303613644058,0.7616666666666667,1.0,0.0,0.012196303613644058,0.5684127788753799
tabiatparki.640,VEZIRSUYU_TP,TabiatParklari,Samsun-Vezirköprü,2011-07-10 21:00:00+00:00,2017-08-09 21:00:00+00:00,287.646,Nature Park,295,0.765,0.8,18604.277748168755,0.0,0.0033956666994251553,0.765,1.0,0.0,0.0033956666994251553,0.5682593500049138
tabiatparki.462,AKSU_TP,TabiatParklari,Çorum-Kargi,2021-08-09 21:00:00+00:00,,68.06,Nature Park,217,0.765,0.8,11697.403823717836,0.0,0.0007875119314415897,0.765,1.0,0.0,0.0007875119314415897,0.5678681267897162
tabiatparki.434,KUGULU_TP,TabiatParklari,Konya-Seydisehir,2018-05-23 21:00:00+00:00,,484.514022,Nature Park,203,0.7616666666666667,0.8,24681.600435901244,0.0,0.005139977550824277,0.7616666666666667,1.0,0.0,0.005139977550824277,0.5673543299659569
tabiatparki.135,KOCAKORU ORMANI_TP,TabiatParklari,Konya-Seydisehir,1998-08-06 21:00:00+00:00,,330.791470877,Nature Park,74,0.7616666666666667,0.8,27643.51313903999,0.0,0.0035106774516114134,0.7616666666666667,1.0,0.0,0.0035106774516114134,0.5671099349510751
tabiatparki.587,YAKAMANASTIR_TP,TabiatParklari,Konya-Beysehir,2011-07-10 21:00:00+00:00,2016-01-21 22:00:00+00:00,88.4921457,Nature Park,269,0.7616666666666667,0.8,30935.210989822892,0.0,0.00092840758390282,0.7616666666666667,1.0,0.0,0.00092840758390282,0.5667225944709188
tabiatparki.346,KELEBEKLER_VADISI_TP,TabiatParklari,Ankara-Beypazari,2016-03-31 21:00:00+00:00,,176.6811567,Nature Park,165,0.76,0.8,26547.336060138045,0.0,0.0020163870063799006,0.76,1.0,0.0,0.0020163870063799006,0.5663024580509569
tabiatparki.255,TEKKEDAGI_TP,TabiatParklari,Ankara-Beypazari,2011-07-10 21:00:00+00:00,,100.013945507,Nature Park,129,0.76,0.8,25392.24724286629,0.0,0.0011340277212338943,0.76,1.0,0.0,0.0011340277212338943,0.566170104158185
milliparklar.79,SARIKAMIS-ALAHUEKBER DAGLARI_MP,MilliParklar,"Kars-Sarikamis, Kars-Selim, Erzurum-Senkaya",2004-10-18 21:00:00+00:00,,22519.8853878,National Park,13,0.6416666666666667,0.8,13587.734335570625,0.0,0.2611641926659497,0.6416666666666667,1.0,0.0,0.2611641926659497,0.5637579622332257
tabiatparki.428,EKMEKSIZ PLAJI TABIAT PARKI,TabiatParklari,Izmir-Seferihisar,2011-07-10 21:00:00+00:00,2013-07-28 21:00:00+00:00,10.1542506742,Nature Park,201,0.7533333333333333,0.8,3939.703478628303,0.0,8.988765458128773e-05,0.7533333333333333,1.0,0.0,8.988765458128773e-05,0.5636801498148538
tabiatparki.188,YAZILI KANYON_TP,TabiatParklari,Isparta-Sütçüler,1989-09-04 21:00:00+00:00,,599.8784,Nature Park,101,0.75,0.8,18168.127865077717,0.0,0.00638440634295588,0.75,1.0,0.0,0.00638440634295588,0.5634576609514433
tabiatparki.85,BASPINAR_TP,TabiatParklari,Isparta-Aksu,2011-07-10 21:00:00+00:00,,39.5039324476,Nature Park,63,0.75,0.8,15676.875857278794,0.0,0.00040529340275009297,0.75,1.0,0.0,0.00040529340275009297,0.5625607940104125
tabiatparki.397,SAZLIKBASI TP,TabiatParklari,Mus-Korkut,2019-03-11 21:00:00+00:00,,40.1005783,Nature Park,192,0.7716666666666666,0.5,1161.1138011437586,1.0,0.0004214698496916558,0.7716666666666666,0.625,0.5,0.0004214698496916558,0.5576465538107871
tabiatparki.303,GÜMÜSKUM_TP,TabiatParklari,Mersin-Mezitli,2011-07-10 21:00:00+00:00,,22.9867921456,Nature Park,149,0.735,0.8,45252.54976161027,0.0,0.00022008512251761543,0.735,1.0,0.0,0.00022008512251761543,0.5572830127683777
tabiatparki.639,KUYULUK_TP,TabiatParklari,Mersin-Mezitli,2011-07-10 21:00:00+00:00,2017-04-03 21:00:00+00:00,19.0097159,Nature Park,294,0.735,0.8,42411.69558687553,0.0,0.0001787278066857264,0.735,1.0,0.0,0.0001787278066857264,0.5572768091710029
tabiatparki.634,BEYDAGI_TP,TabiatParklari,Malatya-Battalgazi,2014-08-28 21:00:00+00:00,2020-12-28 21:00:00+00:00,98.5,Nature Park,289,0.7216666666666667,0.8,28480.42980694396,0.0,0.0007825491584834444,0.7216666666666667,1.0,0.0,0.0007825491584834444,0.5527007157071059
tabiatparki.239,TURGUT ÖZAL_TP,TabiatParklari,Malatya-Battalgazi,2009-11-30 22:00:00+00:00,,40.2787729791,Nature Park,124,0.7216666666666667,0.8,23311.678961237303,0.0,0.0004200844153462426,0.7216666666666667,1.0,0.0,0.0004200844153462426,0.5526463459956352
tabiatparki.691,SAKLIKAPI KANYONU_TP,TabiatParklari,Elazig-Keban,2024-09-15 21:00:00+00:00,,139.68,Nature Park,314,0.7116666666666666,0.8,34088.76465567547,0.0,0.0015243355475804267,0.7116666666666666,1.0,0.0,0.0015243355475804267,0.5493119836654703
tabiatparki.625,DUMANLI_TP,TabiatParklari,Erzincan-Refahiye,2017-08-02 21:00:00+00:00,2017-09-17 21:00:00+00:00,681.0213748,Nature Park,283,0.7016666666666667,0.8,15363.56968965067,0.0,0.00776419433731479,0.7016666666666667,1.0,0.0,0.00776419433731479,0.5467479624839305
tabiatparki.647,KUZALAN_TP,TabiatParklari,Giresun-Dereli,2013-05-08 21:00:00+00:00,2017-09-21 21:00:00+00:00,500.8022332,Nature Park,298,0.7016666666666667,0.8,70682.17824184427,0.0,0.005825959280678885,0.7016666666666667,1.0,0.0,0.005825959280678885,0.5464572272254351
tabiatparki.495,EFENDIOGLU_HANYANI_TP,TabiatParklari,"Giresun-Bulancak, Giresun-Giresun_Merkez Ilçe",2020-05-20 21:00:00+00:00,,90.6,Nature Park,237,0.7016666666666667,0.8,74294.57620131627,0.0,0.0010394672690997762,0.7016666666666667,1.0,0.0,0.0010394672690997762,0.5457392534236982
tabiatparki.250,AGAÇBASI_TP,TabiatParklari,"Giresun-Dereli, Giresun-Giresun_Merkez Ilçe",2010-02-09 22:00:00+00:00,,89.3169636181,Nature Park,128,0.7016666666666667,0.8,77380.8067501249,0.0,0.001024394934958275,0.7016666666666667,1.0,0.0,0.001024394934958275,0.545736992573577
milliparklar.70,HONAZ_DAGI MP,MilliParklar,"Denizli-Serinhisar, Denizli-Pamukkale, Denizli-Honaz, Denizli-Tavas",1998-04-20 21:00:00+00:00,,9428.97564366,National Park,10,0.6433333333333333,0.8,4925.060438446721,0.0,0.10129344800312917,0.6433333333333333,1.0,0.0,0.10129344800312917,0.5403606838671361
milliparklar.41,ALTINBESIK MAGARASI_MP,MilliParklar,"Antalya-Akseki, Antalya-Ibradi",1994-08-30 21:00:00+00:00,,1146.64758067,National Park,5,0.6783333333333333,0.8,77323.40433583134,0.0,0.012093153898632424,0.6783333333333333,1.0,0.0,0.012093153898632424,0.5392306397514616
tabiatparki.266,KARTALTEPE_TP_1,TabiatParklari,"Tekirdag-Sarköy, Tekirdag-Süleymanpasa",2014-02-05 22:00:00+00:00,,253.7216,Nature Park,135,1.0,0.5,6505.0922577846495,0.0,0.0029587442116906183,1.0,0.625,0.0,0.0029587442116906183,0.5379438116317535
tabiatparki.130,INCEKUM_TP,TabiatParklari,Antalya-Alanya,2006-12-07 22:00:00+00:00,,26.4534735673,Nature Park,73,0.6783333333333333,0.8,125167.3213310447,0.0,0.00025577391393069105,0.6783333333333333,1.0,0.0,0.00025577391393069105,0.5374550327537563
tabiatparki.470,ORENONU_TP,TabiatParklari,Tunceli-Tunceli_Merkez Ilçe,2011-07-10 21:00:00+00:00,2017-09-21 21:00:00+00:00,11.9840275,Nature Park,222,0.6766666666666667,0.8,1488.4630433696773,0.0,0.00011321011995365386,0.6766666666666667,1.0,0.0,0.00011321011995365386,0.5368503148513263
tabiatparki.198,TAVSAN BURNU_TP,TabiatParklari,Aydin-Didim,2011-07-10 21:00:00+00:00,,11.7337533981,Nature Park,110,0.6733333333333333,0.8,633.1425599170552,0.0,0.00010455302150390913,0.6733333333333333,1.0,0.0,0.00010455302150390913,0.5356823496198923
tabiatparki.315,HISAR ÇAMLIGI_TP,TabiatParklari,Kilis-Kilis_Mrkilçe,2011-07-10 21:00:00+00:00,2019-03-11 21:00:00+00:00,64.4433017,Nature Park,156,0.99,0.5,6976.527279940704,0.0,0.0006745084385143165,0.99,0.625,0.0,0.0006745084385143165,0.5341011762657771
tabiatparki.240,YAVSAN YAYLASI_TP,TabiatParklari,"Kahramanmaras-Onikisubat, Kahramanmaras-Türkoglu",2009-12-15 22:00:00+00:00,,340.146481884,Nature Park,125,0.9766666666666666,0.5,11976.707095335292,0.0,0.0036110711202125803,0.9766666666666666,0.625,0.0,0.0036110711202125803,0.5298749940013651
tabiatparki.116,ULUBEY KANYONU_TP,TabiatParklari,Usak-Ulubey,2013-06-26 21:00:00+00:00,,119.205509469,Nature Park,71,0.6433333333333333,0.8,29265.726282745592,0.0,0.0012839823524697144,0.6433333333333333,1.0,0.0,0.0012839823524697144,0.5253592640195371
tabiatparki.236,ASIKPASA_TP,TabiatParklari,Kirsehir-Kirsehir_Merkez Ilçe,2010-01-07 22:00:00+00:00,,127.586346081,Nature Park,123,0.9566666666666667,0.5,13053.257064939486,0.0,0.0014065301866819143,0.9566666666666667,0.625,0.0,0.0014065301866819143,0.5225443128613356
tabiatparki.477,BESKAYALAR_TP,TabiatParklari,"Kocaeli-Gölcük, Kocaeli-Basiskele",1998-02-26 22:00:00+00:00,2013-05-12 21:00:00+00:00,1099.82981265,Nature Park,225,0.9383333333333334,0.5,12450.982464800578,0.0,0.012795116954118575,0.9383333333333334,0.625,0.0,0.012795116954118575,0.5178359342097844
milliparklar.122,SAKLIKENT_MP,MilliParklar,"Mugla-Seydikemer, Antalya-Kas",1996-06-05 21:00:00+00:00,,1643.29523979,National Park,15,0.615,0.8,6246.6876690746485,0.0,0.017056382705570552,0.615,1.0,0.0,0.017056382705570552,0.5178084574058356
tabiatparki.374,SERENLER TEPESI_TP,TabiatParklari,Burdur-Burdur_Merkez Ilçe,2011-07-10 21:00:00+00:00,,38.3757080572,Nature Park,179,0.8816666666666667,0.5,279.24030818468333,0.2068799883430729,0.00039138954428880106,0.8816666666666667,0.625,0.10343999417153645,0.00039138954428880106,0.516830040599284
tabiatparki.618,ORMANYA_TP,TabiatParklari,Kocaeli-Kartepe,2011-07-10 21:00:00+00:00,2013-07-10 21:00:00+00:00,189.839698441,Nature Park,277,0.9383333333333334,0.5,3270.466291950387,0.0,0.0022006177122485156,0.9383333333333334,0.625,0.0,0.0022006177122485156,0.5162467593235038
tabiatparki.622,KUZULUK_TP,TabiatParklari,Sakarya-Akyazi,2011-07-10 21:00:00+00:00,2017-05-31 21:00:00+00:00,42.4504088,Nature Park,281,0.9383333333333334,0.5,251.10208550775067,0.0,0.00047440856428949496,0.9383333333333334,0.625,0.0,0.00047440856428949496,0.51598782795131
tabiatparki.207,SUADIYE_TP,TabiatParklari,Kocaeli-Kartepe,2011-07-10 21:00:00+00:00,,36.9780630296,Nature Park,119,0.9383333333333334,0.5,5176.428547380749,0.0,0.00041080471554084074,0.9383333333333334,0.625,0.0,0.00041080471554084074,0.5159782873739978
tabiatparki.623,ÖLÜDENIZ_KIDRAK_TP,TabiatParklari,Mugla-Fethiye,1983-11-30 21:00:00+00:00,2017-05-31 21:00:00+00:00,24.5841693,Nature Park,282,0.615,0.8,29163.12026913888,0.0,0.00023552395881327673,0.615,1.0,0.0,0.00023552395881327673,0.5152853285938219
tabiatparki.193,KÜÇÜK KARGI_TP,TabiatParklari,Mugla-Fethiye,2011-07-10 21:00:00+00:00,,15.2816282913,Nature Park,105,0.615,0.8,23283.0092585263,0.0,0.00013928879024171126,0.615,1.0,0.0,0.00013928879024171126,0.5152708933185363
tabiatparki.375,ÖMER ESEN_TP,TabiatParklari,Mugla-Fethiye,2011-07-10 21:00:00+00:00,,4.42658644548,Nature Park,180,0.615,0.8,23238.89599786157,0.0,2.566341434345825e-05,0.615,1.0,0.0,2.566341434345825e-05,0.5152538495121515
tabiatparki.249,MAVIKENT_TP,TabiatParklari,Antalya-Kumluca,2009-06-29 21:00:00+00:00,,42.5248369633,Nature Park,127,0.6116666666666667,0.8,39141.76658356847,0.0,0.0004194394635268858,0.6116666666666667,1.0,0.0,0.0004194394635268858,0.5141462492528623
tabiatparki.341,TEKIROVA_TP,TabiatParklari,Antalya-Kemer,2016-04-19 21:00:00+00:00,,11.8341398,Nature Park,162,0.6116666666666667,0.8,66180.7621731641,0.0,0.00010241379332081874,0.6116666666666667,1.0,0.0,0.00010241379332081874,0.5140986954023314
tabiatparki.676,AYIKAYASI_TP,TabiatParklari,Bolu-Bolu_Merkez Ilçe,2014-08-28 21:00:00+00:00,2023-12-21 21:00:00+00:00,445.91,Nature Park,308,0.6033333333333334,0.8,17308.58306069404,0.0,0.005229538377372487,0.6033333333333334,1.0,0.0,0.005229538377372487,0.5119510974232725
tabiatparki.452,ÇAVDARHISAR_BARAJI_TP,TabiatParklari,Kütahya-Çavdarhisar,2021-03-24 21:00:00+00:00,,12.0476635,Nature Park,211,0.9266666666666667,0.5,1471.0651901177675,0.0,0.00011405705478409888,0.9266666666666667,0.625,0.0,0.00011405705478409888,0.5118504418915509
tabiatparki.501,KORUGÖL_TP,TabiatParklari,"Düzce-Düzce_Merkez Ilçe, Düzce-Kaynasli",2011-07-10 21:00:00+00:00,2021-12-06 21:00:00+00:00,30.78,Nature Park,241,0.6033333333333334,0.8,4232.0304358948615,0.0,0.00034057032337953615,0.6033333333333334,1.0,0.0,0.00034057032337953615,0.5112177522151736
milliparklar.413,YEDIGOLLER_MP,MilliParklar,Bolu-Bolu_Merkez Ilçe,1965-04-28 22:00:00+00:00,,1623.06934039,National Park,22,0.5933333333333334,0.8,16178.36174251825,0.0,0.019108727243203654,0.5933333333333334,1.0,0.0,0.019108727243203654,0.5105329757531473
milliparklar.628,ABANT GÖLÜ_MP,MilliParklar,Bolu-Mudurnu,1988-10-20 22:00:00+00:00,2022-06-09 21:00:00+00:00,1262.2335991,National Park,42,0.5933333333333334,0.8,957.9504856518307,0.0,0.014703680640070443,0.5933333333333334,1.0,0.0,0.014703680640070443,0.5098722187626773
tabiatparki.682,KARACA_TP,TabiatParklari,Bolu-Merkez,2023-04-02 21:00:00+00:00,,230.38,Nature Park,310,0.5933333333333334,0.8,3438.4904048895623,0.0,0.0026721926526467785,0.5933333333333334,1.0,0.0,0.0026721926526467785,0.5080674955645638
tabiatparki.695,ÇINARSUYU_TP,TabiatParklari,Ordu-Ünye,2011-07-10 21:00:00+00:00,2024-11-26 21:00:00+00:00,8.61,Nature Park,316,0.59,0.8,82240.29049954901,0.0,8.137478058398262e-05,0.59,1.0,0.0,8.137478058398262e-05,0.5065122062170876
tabiatparki.394,DURASAN SAH_TP,TabiatParklari,Ankara-Kazan,2018-04-30 21:00:00+00:00,,145.8789,Nature Park,189,0.91,0.5,22987.11313900932,0.0,0.0016651100026597618,0.91,0.625,0.0,0.0016651100026597618,0.506249766500399
tabiatparki.160,NESETSUYU_TP,TabiatParklari,Istanbul-Sariyer,2011-07-10 21:00:00+00:00,,67.3099676311,Nature Park,88,0.91,0.5,47220.12882545121,0.0,0.0007781350181714977,0.91,0.625,0.0,0.0007781350181714977,0.5061167202527257
tabiatparki.196,FATIH ÇESMESI_TP,TabiatParklari,"Istanbul-Sariyer, Istanbul-Eyüp",2011-07-10 21:00:00+00:00,,27.6956309029,Nature Park,108,0.91,0.5,44470.767884707064,0.0,0.0003078168376474075,0.91,0.625,0.0,0.0003078168376474075,0.5060461725256471
tabiatparki.202,KIRAZLIBENT_TP,TabiatParklari,Istanbul-Sariyer,2011-07-10 21:00:00+00:00,,19.1412088541,Nature Park,114,0.91,0.5,44446.386604761945,0.0,0.00020633857401615544,0.91,0.625,0.0,0.00020633857401615544,0.5060309507861024
tabiatparki.368,FALIH RIFKI ATAY_TP,TabiatParklari,Istanbul-Sariyer,2011-07-10 21:00:00+00:00,,18.6825267771,Nature Park,175,0.91,0.5,47873.836464419,0.0,0.00020106068109804296,0.91,0.625,0.0,0.00020106068109804296,0.5060301591021648
tabiatparki.151,BENTLER_TP,TabiatParklari,Istanbul-Sariyer,2011-07-10 21:00:00+00:00,,16.2971637468,Nature Park,79,0.91,0.5,48021.93151824975,0.0,0.00017272147862378747,0.91,0.625,0.0,0.00017272147862378747,0.5060259082217936
tabiatparki.107,IRMAK_TP,TabiatParklari,Istanbul-Sariyer,2011-07-10 21:00:00+00:00,,10.3872111359,Nature Park,66,0.91,0.5,45131.47375201384,0.0,0.00010253536950073283,0.91,0.625,0.0,0.00010253536950073283,0.5060153803054251
tabiatparki.200,KÖMÜRCÜBENT_TP,TabiatParklari,Istanbul-Sariyer,2011-07-10 21:00:00+00:00,,2.92610418048,Nature Park,112,0.91,0.5,50185.316100138276,0.0,1.406597880166749e-05,0.91,0.625,0.0,1.406597880166749e-05,0.5060021098968203
tabiatparki.206,SÜNNET GÖLÜ_TP,TabiatParklari,Bolu-Göynük,2011-07-10 21:00:00+00:00,,88.2410082888,Nature Park,118,0.5783333333333333,0.8,20402.894331258853,0.0,0.0010027950081020855,0.5783333333333333,1.0,0.0,0.0010027950081020855,0.5025670859178819
tabiatparki.674,KANLIPINAR_TP,TabiatParklari,Eskisehir-Odunpazari,2023-11-07 21:00:00+00:00,,46.27,Nature Park,307,0.89,0.5,4490.297347784081,0.0,0.0005049806725613357,0.89,0.625,0.0,0.0005049806725613357,0.4990757471008842
tabiatparki.191,BESPINARLAR_TP,TabiatParklari,Bolu-Bolu_Merkez Ilçe,2011-07-10 21:00:00+00:00,,26.8887339664,Nature Park,103,0.5933333333333334,0.5,10384.027506619086,1.0,0.00029319067826905087,0.5933333333333334,0.625,0.5,0.00029319067826905087,0.495210645268407
tabiatparki.194,GÖKSU_TP,TabiatParklari,Bolu-Seben,2011-07-10 21:00:00+00:00,,24.2539128974,Nature Park,106,0.5933333333333334,0.5,13222.912579666927,1.0,0.0002623583627544989,0.5933333333333334,0.625,0.5,0.0002623583627544989,0.4952060204210798
tabiatparki.383,KADIRALAK_TP,TabiatParklari,Trabzon-Tonya,2017-10-01 21:00:00+00:00,,363.8632931,Nature Park,183,0.5516666666666666,0.8,140002.87416725946,0.0,0.004261588198259624,0.5516666666666666,1.0,0.0,0.004261588198259624,0.49372257156307225
tabiatparki.410,YAKUPABDAL_TP,TabiatParklari,Bayburt-Demirözü,2014-12-01 22:00:00+00:00,,207.5924,Nature Park,195,0.5516666666666666,0.8,16018.27986080639,0.0,0.0023630728863916948,0.5516666666666666,1.0,0.0,0.0023630728863916948,0.4934377942662921
tabiatparki.321,GÜMÜSHANE_KARSIYAKA_TP,TabiatParklari,Gümüshane-Gümüshane_Merkez Ilçe,2015-04-01 21:00:00+00:00,,84.0139145,Nature Park,158,0.5516666666666666,0.8,72910.89898325739,0.0,0.000954397078434077,0.5516666666666666,1.0,0.0,0.000954397078434077,0.49322649289509846
tabiatparki.637,ÇALCAMILI_TP,TabiatParklari,Trabzon-Düzköy,2011-07-10 21:00:00+00:00,2015-12-15 22:00:00+00:00,8.8547408,Nature Park,292,0.5516666666666666,0.8,135557.73745453783,0.0,8.346140713142133e-05,0.5516666666666666,1.0,0.0,8.346140713142133e-05,0.493095852544403
tabiatparki.115,26_AGUSTOS_TP,TabiatParklari,Afyonkarahisar-Sinanpasa,2008-04-02 21:00:00+00:00,,66.9018881232,Nature Park,70,0.5416666666666666,0.8,6668.831912778215,0.0,0.0007194759210577174,0.5416666666666666,1.0,0.0,0.0007194759210577174,0.48969125472149194
tabiatparki.301,FRIG_VADISI_TP,TabiatParklari,Afyonkarahisar-Ihsaniye,2017-05-31 21:00:00+00:00,,54.7601813,Nature Park,147,0.5416666666666666,0.8,4646.162075729565,0.0,0.0005903626190126745,0.5416666666666666,1.0,0.0,0.0005903626190126745,0.48967188772618514
tabiatparki.307,TANAY_TP,TabiatParklari,Izmir-Çesme,2011-07-10 21:00:00+00:00,,30.2907935473,Nature Park,151,0.535,0.8,11134.965211789386,0.0,0.00031039383898838973,0.535,1.0,0.0,0.00031039383898838973,0.48729655907584823
tabiatparki.527,GÜZELDERE SELALESI_TP,TabiatParklari,Düzce-Gölyaka,2011-07-10 21:00:00+00:00,2014-08-24 21:00:00+00:00,22.7581683,Nature Park,246,0.6033333333333334,0.2,4571.541540742094,2.0,0.0002456734865484834,0.6033333333333334,0.25,1.0,0.0002456734865484834,0.486203517689649
tabiatparki.423,SARIKAYALAR_TP,TabiatParklari,Mersin-Çamliyayla,2017-07-30 21:00:00+00:00,,25.4586136,Nature Park,198,0.8516666666666666,0.5,2143.226905349151,0.0,0.000249166387983223,0.8516666666666666,0.625,0.0,0.000249166387983223,0.48562070829153076
milliparklar.509,ILGAZ DAGI_MP,MilliParklar,"Kastamonu-Kastamonu_Merkez Ilçe, Çankiri-Ilgaz",1976-06-01 21:00:00+00:00,,1117.69636452,National Park,30,0.8416666666666667,0.5,4552.114036601424,0.0,0.01320270223851486,0.8416666666666667,0.625,0.0,0.01320270223851486,0.4840637386691105
tabiatparki.465,GÜRLEYEN KANYON_TP,TabiatParklari,Konya-Hadim,2021-04-19 21:00:00+00:00,,476.0,Nature Park,220,0.8433333333333334,0.5,79339.71934387885,0.0,0.005001168004279996,0.8433333333333334,0.625,0.0,0.005001168004279996,0.4834168418673087
tabiatparki.38,HAZIMDAGLI_TP,TabiatParklari,"Çankiri-Ilgaz, Çankiri-Yaprakli",2009-08-02 21:00:00+00:00,,126.359444134,Nature Park,56,0.8416666666666667,0.5,28732.54197316667,0.0,0.001463559996949362,0.8416666666666667,0.625,0.0,0.001463559996949362,0.4823028673328757
tabiatparki.635,DIPSIZGÖL_TP,TabiatParklari,Kastamonu-Tosya,2011-07-10 21:00:00+00:00,2021-04-27 21:00:00+00:00,97.03,Nature Park,290,0.8416666666666667,0.5,8156.06108273226,0.0,0.0011254233518075227,0.8416666666666667,0.625,0.0,0.0011254233518075227,0.48225214683610446
tabiatparki.633,TATLICA_TP,TabiatParklari,"Sinop-Erfelek, Sinop-Ayancik",2011-07-10 21:00:00+00:00,2017-08-06 21:00:00+00:00,69.5555,Nature Park,288,0.52,0.8,2243.0635628729337,0.0,0.0008215856908286109,0.52,1.0,0.0,0.0008215856908286109,0.48212323785362426
tabiatparki.312,SEHIT SERIFE BACI TP,TabiatParklari,Kastamonu-Kastamonu_Merkez Ilçe,2011-07-10 21:00:00+00:00,,10.7003483607,Nature Park,154,0.8416666666666667,0.5,30128.124855241967,0.0,0.00010666533913918427,0.8416666666666667,0.625,0.0,0.00010666533913918427,0.48209933313420417
tabiatparki.577,ÇATAK_TP,TabiatParklari,Çorum-Çorum_Merkez Ilçe,1984-06-10 21:00:00+00:00,2020-09-20 21:00:00+00:00,294.64,Nature Park,261,0.835,0.5,13482.157383495609,0.0,0.0034246267830328365,0.835,0.625,0.0,0.0034246267830328365,0.4802636940174549
tabiatparki.317,SEHITLIK_TP,TabiatParklari,Mersin-Silifke,2011-07-10 21:00:00+00:00,,5.7363549417,Nature Park,157,0.8316666666666667,0.5,21614.75379217333,0.0,3.8891774649253486e-05,0.8316666666666667,0.625,0.0,3.8891774649253486e-05,0.4785891670995307
tabiatparki.638,CEMAL TURAL_TP,TabiatParklari,Ardahan-Ardahan_Merkez Ilçe,2011-07-10 21:00:00+00:00,2016-03-31 21:00:00+00:00,50.5693787,Nature Park,293,0.52,0.5,21766.255834564698,1.0,0.000578162185225683,0.52,0.625,0.5,0.000578162185225683,0.46958672432778387
milliparklar.336,KOP_DAGI_MUDAFAASI_TARIHI_MP,MilliParklar,"Erzurum-Askale, Bayburt-Bayburt_Merkez Ilçe",2016-11-14 21:00:00+00:00,,6335.1001306,National Park,20,0.4533333333333333,0.8,27246.28326464263,0.0,0.0726290495482411,0.4533333333333333,1.0,0.0,0.0726290495482411,0.4695610240989028
tabiatparki.371,IZMIR KARAGÖL_TP,TabiatParklari,Izmir-Menemen,2011-07-10 21:00:00+00:00,,18.904399595,Nature Park,176,0.805,0.5,8015.335474016918,0.0,0.0001873747284863141,0.805,0.625,0.0,0.0001873747284863141,0.46927810620927296
tabiatparki.267,TOPUK_YAYLASI_TP,TabiatParklari,Kütahya-Domaniç,2017-03-20 21:00:00+00:00,,77.9817933,Nature Park,136,0.8016666666666667,0.5,4237.156150735448,0.0,0.000868795349178903,0.8016666666666667,0.625,0.0,0.000868795349178903,0.4682136526357102
tabiatparki.390,ERIKLI_TP,TabiatParklari,Bilecik-Bozüyük,2018-06-10 21:00:00+00:00,,67.456,Nature Park,186,0.8016666666666667,0.5,149.89670854728243,0.0,0.0007486125498082126,0.8016666666666667,0.625,0.0,0.0007486125498082126,0.4681956252158046
tabiatparki.659,KÜÇÜKELMALI_TP,TabiatParklari,Bilecik-Pazaryeri,2011-07-10 21:00:00+00:00,2015-11-01 21:00:00+00:00,61.874864,Nature Park,305,0.8016666666666667,0.5,8633.879234319464,0.0,0.0006358574623570066,0.8016666666666667,0.625,0.0,0.0006358574623570066,0.4681787119526869
tabiatparki.653,ÜÇTEPELER_TP,TabiatParklari,Yozgat-Sorgun,2011-07-10 21:00:00+00:00,2023-05-08 21:00:00+00:00,163.88,Nature Park,301,0.7983333333333333,0.5,44942.39647135603,0.0,0.0018535060007086432,0.7983333333333333,0.625,0.0,0.0018535060007086432,0.46719469256677293
tabiatparki.248,KARAAHMETLI_TP,TabiatParklari,Kirikkale-Bahsili,2009-06-28 21:00:00+00:00,,107.533215507,Nature Park,126,0.7983333333333333,0.5,8963.2506395168,0.0,0.001199840691293883,0.7983333333333333,0.625,0.0,0.001199840691293883,0.4670966427703607
tabiatparki.461,KARAMANASTIR SELALESI_TP,TabiatParklari,Mersin-Bozyazi,2021-05-31 21:00:00+00:00,,98.8,Nature Park,216,0.795,0.5,52559.01767093135,0.0,0.0010033699376122405,0.795,0.625,0.0,0.0010033699376122405,0.4659005054906418
tabiatparki.715,DANAAGZI_TP,TabiatParklari,Zonguldak-Eregli,2014-04-08 21:00:00+00:00,,89.0,Nature Park,323,0.4716666666666667,0.8,33822.67052044489,0.0,0.0010422423704279833,0.4716666666666667,1.0,0.0,0.0010422423704279833,0.4652396696888975
tabiatparki.486,MILLI_EGEMENLIK_TP,TabiatParklari,Zonguldak-Çaycuma,2011-07-10 21:00:00+00:00,2017-10-03 21:00:00+00:00,27.2754563,Nature Park,230,0.4716666666666667,0.8,25162.256525512657,0.0,0.00030461753500369307,0.4716666666666667,1.0,0.0,0.00030461753500369307,0.46512902596358385
tabiatparki.576,GUVERCINLIK_TP,TabiatParklari,"Mugla-Bodrum, Mugla-Milas",2011-07-10 21:00:00+00:00,2020-12-28 21:00:00+00:00,2.58,Nature Park,260,0.49666666666666665,0.5,31089.547067717143,1.0,7.385642279920792e-06,0.49666666666666665,0.625,0.5,7.385642279920792e-06,0.46133444117967526
tabiatparki.270,SADAGI KANYONU_TP,TabiatParklari,Bursa-Orhaneli,2014-02-26 22:00:00+00:00,2024-03-11 21:00:00+00:00,473.74,Nature Park,139,0.7783333333333333,0.5,7330.176056122983,0.0,0.00538392972956599,0.7783333333333333,0.625,0.0,0.00538392972956599,0.4607242561261015
tabiatparki.617,SORGUN GÖLETI_TP,TabiatParklari,Ankara-Güdül,2011-07-10 21:00:00+00:00,2021-10-13 21:00:00+00:00,53.84,Nature Park,276,0.76,0.5,8867.498434123529,0.0,0.0006025655964705182,0.76,0.625,0.0,0.0006025655964705182,0.45359038483947056
tabiatparki.156,BOLU KARAGÖL_TP,TabiatParklari,Bolu-Kibriscik,2011-07-10 21:00:00+00:00,,35.0340162834,Nature Park,84,0.76,0.5,16253.024226762107,0.0,0.00038508856585168323,0.76,0.625,0.0,0.00038508856585168323,0.45355776328487774
tabiatparki.580,EGRIOVA_TP,TabiatParklari,Bolu-Dörtdivan,2011-07-10 21:00:00+00:00,2014-05-13 21:00:00+00:00,30.1094,Nature Park,264,0.76,0.5,4771.40391815012,0.0,0.00032890550300472397,0.76,0.625,0.0,0.00032890550300472397,0.45354933582545065
tabiatparki.177,GÜRCÜOLUK MAGARASI_TP,TabiatParklari,Bartin-Amasra,2013-07-10 21:00:00+00:00,,49.9274662043,Nature Park,97,0.4366666666666667,0.8,66641.17284181637,0.0,0.0005820965247968924,0.4366666666666667,1.0,0.0,0.0005820965247968924,0.4529206478120528
tabiatparki.592,BALAMBA_TP,TabiatParklari,Bartin-Bartin_Merkez Ilçe,2011-07-10 21:00:00+00:00,2016-03-13 22:00:00+00:00,13.1666773,Nature Park,274,0.4366666666666667,0.8,58691.893874216585,0.0,0.0001295978671956408,0.4366666666666667,1.0,0.0,0.0001295978671956408,0.45285277301341265
tabiatparki.175,AHATLAR_TP,TabiatParklari,Bartin-Amasra,2011-07-10 21:00:00+00:00,,9.35433321617,Nature Park,96,0.4366666666666667,0.8,70634.72991491816,0.0,9.231993556582848e-05,0.4366666666666667,1.0,0.0,9.231993556582848e-05,0.4528471813236682
tabiatparki.707,OLUKBASI_TP,TabiatParklari,Kastamonu-Merkez,2025-05-08 21:00:00+00:00,,1.81,Nature Park,319,0.7433333333333333,0.5,20725.50146708446,0.0,9.321684090721252e-07,0.7433333333333333,0.625,0.0,9.321684090721252e-07,0.447666806491928
tabiatparki.189,ÇUBUCAK_TP,TabiatParklari,Mugla-Marmaris,2011-07-10 21:00:00+00:00,,20.5289027779,Nature Park,102,0.4116666666666666,0.8,10111.049409789273,0.0,0.0001948000417586382,0.4116666666666666,1.0,0.0,0.0001948000417586382,0.4441125533395971
tabiatparki.201,KOVANLIK_TP,TabiatParklari,Mugla-Datça,2011-07-10 21:00:00+00:00,,4.20219677667,Nature Park,113,0.4116666666666666,0.8,15891.467602977464,0.0,2.3379965247625007e-05,0.4116666666666666,1.0,0.0,2.3379965247625007e-05,0.4440868403281204
milliparklar.37,KAÇKAR DAGLARI_MP,MilliParklar,"Artvin-Yusufeli, Rize-Ikizdere, Rize-Çamlihemsin, Erzurum-Ispir",1994-08-30 21:00:00+00:00,,52970.0776038,National Park,4,0.4383333333333333,0.5,64011.311652499,0.0,0.6220724165021888,0.4383333333333333,0.625,0.0,0.6220724165021888,0.434227529141995
tabiatparki.444,OYMALIK_TP,TabiatParklari,"Ordu-Mesudiye, Sivas-Koyulhisar",2018-05-28 21:00:00+00:00,,157.2053511,Nature Park,209,0.7016666666666667,0.5,24495.1770123553,0.0,0.0018031007469525321,0.7016666666666667,0.625,0.0,0.0018031007469525321,0.4333537984453762
tabiatparki.441,CANKÖY_TP,TabiatParklari,Sivas-Gölova,2018-05-28 21:00:00+00:00,,32.1790668,Nature Park,206,0.7016666666666667,0.5,5748.790104575342,0.0,0.0003483964357189991,0.7016666666666667,0.625,0.0,0.0003483964357189991,0.4331355927986912
tabiatparki.579,KARSIYAKA_TP,TabiatParklari,Sivas-Susehri,2011-07-10 21:00:00+00:00,2016-03-15 22:00:00+00:00,23.2154975,Nature Park,263,0.7016666666666667,0.5,6851.116273417701,0.0,0.00024658197106943163,0.7016666666666667,0.625,0.0,0.00024658197106943163,0.43312032062899375
tabiatparki.419,KÖROGLU_TP,TabiatParklari,Giresun-Çamoluk,2017-07-30 21:00:00+00:00,,6.6070354,Nature Park,197,0.7016666666666667,0.5,18650.92768313276,0.0,5.537929928891399e-05,0.7016666666666667,0.625,0.0,5.537929928891399e-05,0.43309164022822666
tabiatparki.476,BALLICA MAGARASI_TP,TabiatParklari,Tokat-Pazar,2007-02-22 22:00:00+00:00,2015-07-01 21:00:00+00:00,484.8649481,Nature Park,224,0.6816666666666666,0.5,6056.218434553935,0.0,0.005567452458271659,0.6816666666666666,0.625,0.0,0.005567452458271659,0.42691845120207406
tabiatparki.181,BORABOY GÖLÜ_TP,TabiatParklari,Amasya-Tasova,2013-09-02 21:00:00+00:00,,259.599114283,Nature Park,98,0.6816666666666666,0.5,7393.1660916145565,0.0,0.003022717867126491,0.6816666666666666,0.625,0.0,0.003022717867126491,0.4265367410134023
tabiatparki.354,DEGIRMENBOGAZI_TP,TabiatParklari,Balikesir-Karesi,2011-07-10 21:00:00+00:00,,24.8911552348,Nature Park,168,0.6783333333333333,0.5,2076.3320979746636,0.0,0.0002621835943975947,0.6783333333333333,0.625,0.0,0.0002621835943975947,0.4249559942058263
tabiatparki.302,BAKLABOSTAN_TP,TabiatParklari,Karabük-Karabük_Merkez Ilçe,2017-09-17 21:00:00+00:00,,37.3999978,Nature Park,148,0.6716666666666667,0.5,8124.002477080992,0.0,0.0004245257932802894,0.6716666666666667,0.625,0.0,0.0004245257932802894,0.42264701220232537
tabiatparki.464,YABANARDI SEYHANDEDE_TP,TabiatParklari,Diyarbakir-Çermik,2021-12-06 21:00:00+00:00,,86.5,Nature Park,219,0.67,0.5,5769.240502704487,0.0,0.0009228275234380879,0.67,0.625,0.0,0.0009228275234380879,0.4221384241285157
tabiatparki.385,ÇATAK KANYONU_TP,TabiatParklari,Sinop-Türkeli,2017-08-06 21:00:00+00:00,,420.4293,Nature Park,185,0.3383333333333334,0.8,18395.62141470726,0.0,0.005062116531031781,0.3383333333333334,1.0,0.0,0.005062116531031781,0.4191759841463214
tabiatparki.547,ERSIZLERDERE_KANYONU_TP,TabiatParklari,"Kastamonu-Inebolu, Kastamonu-Küre",2020-09-09 21:00:00+00:00,,217.0,Nature Park,254,0.3383333333333334,0.8,45417.459097767576,0.0,0.002608625713298985,0.3383333333333334,1.0,0.0,0.002608625713298985,0.4188079605236615
milliparklar.60,NENEHATUN_MP,MilliParklar,"Erzurum-Yakutiye, Erzurum-Palandöken",2009-06-05 21:00:00+00:00,,387.4231548,National Park,7,0.335,0.8,4345.988642145313,0.0,0.004406009495585413,0.335,1.0,0.0,0.004406009495585413,0.41791090142433784
tabiatparki.393,KARANLIKDERE KANYONU_TP,TabiatParklari,"Mugla-Seydikemer, Burdur-Altinyayla",2018-05-10 21:00:00+00:00,,1775.81,Nature Park,188,0.6366666666666666,0.5,4527.3161551233725,0.0,0.018618822963241494,0.6366666666666666,0.625,0.0,0.018618822963241494,0.41312615677781955
milliparklar.479,GALA GÖLÜ_MP,MilliParklar,"Edirne-Ipsala, Edirne-Enez",2005-03-04 22:00:00+00:00,2020-04-10 21:00:00+00:00,5923.49,National Park,26,0.0,0.8,44684.8818117865,1.0,0.06942219875306022,0.0,1.0,0.5,0.06942219875306022,0.4104133298129591
tabiatparki.456,SANSARAK KANYONU_TP,TabiatParklari,Bursa-Iznik,2021-04-19 21:00:00+00:00,,98.0,Nature Park,215,0.9383333333333334,0.2,14193.380650087876,0.0,0.0011218246374920904,0.9383333333333334,0.25,0.0,0.0011218246374920904,0.4035849403622905
tabiatparki.581,ERIKLITEPE_TP,TabiatParklari,Kocaeli-Gölcük,2011-07-10 21:00:00+00:00,2013-05-26 21:00:00+00:00,63.2974696641,Nature Park,265,0.9383333333333334,0.2,9345.826737572223,0.0,0.0007169111909111972,0.9383333333333334,0.25,0.0,0.0007169111909111972,0.4035242033453033
tabiatparki.25,GÖLBASI GÖLLERI_TP,TabiatParklari,Adiyaman-Gölbasi,2008-05-11 21:00:00+00:00,,2079.78945012,Nature Park,52,0.0,0.8,1890.2744192343953,1.0,0.022356085075105715,0.0,1.0,0.5,0.022356085075105715,0.4033534127612659
tabiatparki.528,ÇUBUK_KARAGÖL_TP,TabiatParklari,Ankara-Çubuk,2011-07-10 21:00:00+00:00,2015-02-08 22:00:00+00:00,114.3847558,Nature Park,247,0.6016666666666667,0.5,21176.24471411791,0.0,0.0013065150274249992,0.6016666666666667,0.625,0.0,0.0013065150274249992,0.3982793105874471
tabiatparki.629,BOLU_GOLCUK_TP,TabiatParklari,Bolu-Bolu_Merkez Ilçe,2011-07-10 21:00:00+00:00,2016-09-08 21:00:00+00:00,376.2431033,Nature Park,286,0.5933333333333334,0.5,6400.424787515779,0.0,0.004374738688322504,0.5933333333333334,0.625,0.0,0.004374738688322504,0.39582287746991507
tabiatparki.429,KARGALI_GÖLCÜK_TP,TabiatParklari,Bolu-Bolu_Merkez Ilçe,2014-04-16 21:00:00+00:00,,156.5139,Nature Park,202,0.5933333333333334,0.5,4681.787958154815,0.0,0.0018101364682485866,0.5933333333333334,0.625,0.0,0.0018101364682485866,0.39543818713690393
tabiatparki.588,AVCIKORU_TP,TabiatParklari,"Istanbul-Sile, Istanbul-Çekmeköy, Istanbul-Beykoz",2011-07-10 21:00:00+00:00,2013-03-11 22:00:00+00:00,649.373858018,Nature Park,270,0.91,0.2,55685.23070844674,0.0,0.007667284216070556,0.91,0.25,0.0,0.007667284216070556,0.3946500926324106
tabiatparki.121,PARK ORMAN_TP,TabiatParklari,Istanbul-Sariyer,2008-06-02 21:00:00+00:00,,148.735014347,Nature Park,72,0.91,0.2,40292.86197215067,0.0,0.0017411077656717911,0.91,0.25,0.0,0.0017411077656717911,0.3937611661648508
tabiatparki.153,FATIH SULTAN MEHMET_TP,TabiatParklari,Istanbul-Sariyer,2011-07-10 21:00:00+00:00,,113.213770661,Nature Park,81,0.91,0.2,42252.10276035972,0.0,0.001320924444901705,0.91,0.25,0.0,0.001320924444901705,0.39369813866673525
tabiatparki.258,GÖZTEPE_TP,TabiatParklari,Istanbul-Beykoz,2013-10-02 21:00:00+00:00,,59.0316265949,Nature Park,131,0.91,0.2,41370.83150398358,0.0,0.0006778161800720039,0.91,0.25,0.0,0.0006778161800720039,0.39360167242701083
tabiatparki.355,MIHRABAT_TP,TabiatParklari,Istanbul-Beykoz,2011-07-10 21:00:00+00:00,,20.0735357687,Nature Park,169,0.91,0.2,38752.23031407135,0.0,0.00021685868791388653,0.91,0.25,0.0,0.00021685868791388653,0.3935325288031871
tabiatparki.173,HACETDERESI_TP,TabiatParklari,Istanbul-Tuzla,2012-08-06 21:00:00+00:00,,16.0168333804,Nature Park,94,0.91,0.2,21541.84516642554,0.0,0.00016757455354640875,0.91,0.25,0.0,0.00016757455354640875,0.393525136183032
tabiatparki.40,ELMAS BURNU_TP,TabiatParklari,Istanbul-Beykoz,2011-07-10 21:00:00+00:00,,13.4626385333,Nature Park,57,0.91,0.2,64102.07213035296,0.0,0.00013927447355738698,0.91,0.25,0.0,0.00013927447355738698,0.3935208911710336
tabiatparki.66,TÜRKMENBASI_TP,TabiatParklari,Istanbul-Sariyer,1998-05-06 21:00:00+00:00,,6.39952023696,Nature Park,60,0.91,0.2,42705.04128636841,0.0,5.515477977939891e-05,0.91,0.25,0.0,5.515477977939891e-05,0.3935082732169669
tabiatparki.696,DENIZGÖRÜNDÜ_TP,TabiatParklari,Çanakkale-Merkez,2024-12-29 21:00:00+00:00,,86.5,Nature Park,317,0.9033333333333333,0.2,42586.349910932724,0.0,0.0009704204077769438,0.9033333333333333,0.25,0.0,0.0009704204077769438,0.3913122297278332
tabiatparki.226,ARTEBEL_GÖLLERI_TP,TabiatParklari,"Gümüshane-Siran, Gümüshane-Torul, Giresun-Alucra",1998-12-21 22:00:00+00:00,,5819.86408993,Nature Park,122,0.5516666666666666,0.5,66035.62708446782,0.0,0.06748862458131791,0.5516666666666666,0.625,0.0,0.06748862458131791,0.39070662702053094
tabiatparki.261,AYDINPINAR SELALESI_TP,TabiatParklari,Düzce-Düzce_Merkez Ilçe,2014-08-24 21:00:00+00:00,,100.5965199,Nature Park,132,0.6033333333333334,0.2,991.3866253760034,1.0,0.0011572631194937102,0.6033333333333334,0.25,0.5,0.0011572631194937102,0.3863402561345907
tabiatparki.709,GELIN UÇTU_TP,TabiatParklari,Manisa-Demirci,2025-06-16 21:00:00+00:00,,18.59,Nature Park,320,0.8883333333333333,0.2,5378.613687288916,0.0,0.00018684185603869155,0.8883333333333333,0.25,0.0,0.00018684185603869155,0.38594469294507244
tabiatparki.484,SARIGAZEL_TP,TabiatParklari,Samsun-19 Mayis,2011-07-10 21:00:00+00:00,2017-08-06 21:00:00+00:00,142.6524,Nature Park,229,0.23666666666666666,0.8,18325.574898463597,0.0,0.0016871302717964322,0.23666666666666666,1.0,0.0,0.0016871302717964322,0.3830864028741028
tabiatparki.679,DEREGÖL_TP,TabiatParklari,"Bolu-Merkez, Bolu-Yeniçaga",2023-04-06 21:00:00+00:00,,154.46,Nature Park,309,0.5933333333333334,0.2,8604.184319049142,1.0,0.0017930056880757657,0.5933333333333334,0.25,0.5,0.0017930056880757657,0.3829356175198781
tabiatparki.568,KAYABASI_TP,TabiatParklari,"Trabzon-Akçaabat, Trabzon-Maçka",2011-07-10 21:00:00+00:00,2015-11-01 21:00:00+00:00,134.1,Nature Park,259,0.5516666666666666,0.5,127661.63890734637,0.0,0.0015554808430590377,0.5516666666666666,0.625,0.0,0.0015554808430590377,0.38081665545979215
tabiatparki.463,TELME_TP,TabiatParklari,Gümüshane-Siran,2021-09-30 21:00:00+00:00,,74.9,Nature Park,218,0.5516666666666666,0.5,47237.455127218134,0.0,0.0008440899427207344,0.5516666666666666,0.625,0.0,0.0008440899427207344,0.3807099468247414
tabiatparki.287,LIMNI GÖLÜ_TP,TabiatParklari,Gümüshane-Torul,2011-07-10 21:00:00+00:00,2013-05-12 21:00:00+00:00,71.5354307795,Nature Park,143,0.5516666666666666,0.5,97496.97630406193,0.0,0.0008142143527764556,0.5516666666666666,0.625,0.0,0.0008142143527764556,0.38070546548624973
tabiatparki.340,KÖSE_TP,TabiatParklari,Gümüshane-Köse,2016-03-31 21:00:00+00:00,,30.2150467,Nature Park,161,0.5516666666666666,0.5,40161.070382928956,0.0,0.00032805066018357375,0.5516666666666666,0.625,0.0,0.00032805066018357375,0.3806325409323608
milliparklar.1,KARAGÖL_SAHARA_MP,MilliParklar,"Artvin-Savsat, Ardahan-Ardahan_Merkez Ilçe",1994-08-30 21:00:00+00:00,,3250.97184897,National Park,0,0.52,0.5,58913.426094012786,0.0,0.03860469454925251,0.52,0.625,0.0,0.03860469454925251,0.37529070418238786
milliparklar.460,SARIÇALI DAGI_MP,MilliParklar,Ankara-Nallihan,2021-10-27 21:00:00+00:00,,1024.0,National Park,24,0.5283333333333333,0.5,30401.699366459496,0.0,0.011804442413089018,0.5283333333333333,0.625,0.0,0.011804442413089018,0.37418733302863
tabiatparki.185,YEDIDEGIRMENLER_TP,TabiatParklari,"Giresun-Espiye, Giresun-Yaglidere",2013-05-08 21:00:00+00:00,,102.656079721,Nature Park,100,0.5083333333333333,0.5,105969.36370270922,0.0,0.0011832407577286655,0.5083333333333333,0.625,0.0,0.0011832407577286655,0.3655941527803259
tabiatparki.545,SABAN_KALESI_TP,TabiatParklari,"Giresun-Güce, Giresun-Tirebolu",2019-04-01 21:00:00+00:00,,58.97,Nature Park,252,0.5083333333333333,0.5,123612.57726970935,0.0,0.0006721063663738599,0.5083333333333333,0.625,0.0,0.0006721063663738599,0.3655174826216227
tabiatparki.673,DARIDERE_TP,TabiatParklari,Balikesir-Edremit,2011-07-10 21:00:00+00:00,2023-12-10 21:00:00+00:00,10.24,Nature Park,306,0.8283333333333333,0.2,9914.359356869789,0.0,9.548877900414936e-05,0.8283333333333333,0.25,0.0,9.548877900414936e-05,0.36493098998351725
tabiatparki.365,AYAZMA PINARI_TP,TabiatParklari,Çanakkale-Bayramiç,2011-07-10 21:00:00+00:00,,5.85064974581,Nature Park,173,0.8283333333333333,0.2,5103.335395911122,0.0,4.59054482765258e-05,0.8283333333333333,0.25,0.0,4.59054482765258e-05,0.36492355248390806
tabiatparki.110,DEREBAG SELALESI_TP,TabiatParklari,Kayseri-Yahyali,2011-07-10 21:00:00+00:00,,17.3657267903,Nature Park,69,0.8266666666666667,0.2,12189.292524231261,0.0,0.00016762518288554617,0.8266666666666667,0.25,0.0,0.00016762518288554617,0.3643584771107662
tabiatparki.594,USULUK KOYU_TP,TabiatParklari,Mugla-Bodrum,2011-07-10 21:00:00+00:00,2020-06-24 21:00:00+00:00,29.21,Nature Park,275,0.49666666666666665,0.5,37837.14903109915,0.0,0.0002882150226732779,0.49666666666666665,0.625,0.0,0.0002882150226732779,0.36137656558673426
tabiatparki.195,GAZILERDAGI_TP,TabiatParklari,Kocaeli-Gebze,2013-07-24 21:00:00+00:00,2023-07-04 21:00:00+00:00,103.93,Nature Park,107,0.81,0.2,13512.112155394516,0.0,0.0011990146725655072,0.81,0.25,0.0,0.0011990146725655072,0.35867985220088483
tabiatparki.657,KARLIK YAYLASI_TP,TabiatParklari,Yalova-Çinarcik,2023-07-04 21:00:00+00:00,,34.41,Nature Park,303,0.81,0.2,1763.3468742494322,0.0,0.00038031009704515395,0.81,0.25,0.0,0.00038031009704515395,0.3585570465145568
tabiatparki.578,HARMANKAYA_TP,TabiatParklari,Yalova-Termal,2011-07-10 21:00:00+00:00,2016-03-31 21:00:00+00:00,3.6041431,Nature Park,262,0.81,0.2,5389.216578820726,0.0,2.130261845312619e-05,0.81,0.25,0.0,2.130261845312619e-05,0.358503195392768
tabiatparki.481,MESIR TABIAT PARKI,TabiatParklari,Manisa-Yunusemre,2008-04-21 21:00:00+00:00,2013-05-09 21:00:00+00:00,12.0348410381,Nature Park,226,0.805,0.2,493.3238247784203,0.0,0.00011191705760661817,0.805,0.25,0.0,0.00011191705760661817,0.356766787558641
tabiatparki.358,SÜREYYA TABIAT PARKI,TabiatParklari,Manisa-Yunusemre,2011-07-10 21:00:00+00:00,,4.84375120301,Nature Park,170,0.805,0.2,1518.8537851058861,0.0,3.2656752716783916e-05,0.805,0.25,0.0,3.2656752716783916e-05,0.35675489851290754
tabiatparki.643,GILINDIRE MAGARASI_TP,TabiatParklari,Mersin-Aydincik,2013-08-05 21:00:00+00:00,2021-05-31 21:00:00+00:00,106.59,Nature Park,297,0.795,0.2,62381.977397203205,0.0,0.0010797188057753895,0.795,0.25,0.0,0.0010797188057753895,0.3534119578208663
tabiatparki.291,AYDINCIK_TP,TabiatParklari,Mersin-Aydincik,2011-07-10 21:00:00+00:00,,23.7117203599,Nature Park,144,0.795,0.2,64170.26198708195,0.0,0.00022414999178880645,0.795,0.25,0.0,0.00022414999178880645,0.3532836224987683
tabiatparki.163,PULLU_TP,TabiatParklari,Mersin-Anamur,2011-07-10 21:00:00+00:00,,10.1252464426,Nature Park,90,0.795,0.2,86408.01142226005,0.0,8.371290725479804e-05,0.795,0.25,0.0,8.371290725479804e-05,0.3532625569360882
tabiatparki.626,HARMANKAYA SELALELERI_TP,TabiatParklari,Zonguldak-Zonguldak_Merkez Ilçe,2019-03-11 21:00:00+00:00,2021-09-30 21:00:00+00:00,,Nature Park,284,0.4716666666666667,0.5,28138.609795935754,0.0,0.0018682229398711845,0.4716666666666667,0.625,0.0,0.0018682229398711845,0.352863566774314
tabiatparki.513,GÖLDAGI_TP,TabiatParklari,"Zonguldak-Kilimli, Zonguldak-Çaycuma, Zonguldak-Zonguldak_Merkez Ilçe",2011-07-10 21:00:00+00:00,2019-03-11 21:00:00+00:00,13.8939863,Nature Park,242,0.4716666666666667,0.5,31709.06507338184,0.0,0.0001454462717837196,0.4716666666666667,0.625,0.0,0.0001454462717837196,0.35260515027410094
tabiatparki.192,UZUNGÖL_TP,TabiatParklari,Trabzon-Çaykara,1989-10-02 22:00:00+00:00,,1642.01300993,Nature Park,104,0.4533333333333333,0.5,46105.50573222354,0.0,0.019138802429495467,0.4533333333333333,0.625,0.0,0.019138802429495467,0.34903748703109094
tabiatparki.551,ULUGÖL_TP,TabiatParklari,Ordu-Gölköy,2009-09-07 21:00:00+00:00,2021-12-06 21:00:00+00:00,69.39,Nature Park,255,0.4466666666666667,0.5,40359.916175871185,0.0,0.0007896864903077839,0.4466666666666667,0.625,0.0,0.0007896864903077839,0.3439517863068795
tabiatparki.424,YUNUS EMRE_TP,TabiatParklari,Eskisehir-Mihaliççik,2017-07-30 21:00:00+00:00,,61.3785598,Nature Park,199,0.7666666666666666,0.2,6142.784394502439,0.0,0.0006802478042343531,0.7666666666666666,0.25,0.0,0.0006802478042343531,0.3434353705039685
tabiatparki.455,PASACA_TP,TabiatParklari,Giresun-Görele,2020-09-14 21:00:00+00:00,,199.0,Nature Park,214,0.44333333333333336,0.5,139785.56266477617,0.0,0.002320869917851454,0.44333333333333336,0.625,0.0,0.002320869917851454,0.3430147971543444
tabiatparki.147,SIS DAGI TP,TabiatParklari,Trabzon-Salpazari,2019-03-11 21:00:00+00:00,,24.4878263,Nature Park,76,0.44333333333333336,0.5,132410.89084726333,0.0,0.0002669955817480256,0.44333333333333336,0.625,0.0,0.0002669955817480256,0.3427067160039289
tabiatparki.184,SERAGÖLÜ_TP,TabiatParklari,"Trabzon-Akçaabat, Trabzon-Ortahisar",2010-04-23 21:00:00+00:00,,21.9515744507,Nature Park,99,0.44333333333333336,0.5,141537.42634827888,0.0,0.0002384146865845,0.44333333333333336,0.625,0.0,0.0002384146865845,0.34270242886965435
tabiatparki.567,BESIKDAGI_TP,TabiatParklari,Trabzon-Besikdüzü,2016-05-29 21:00:00+00:00,2017-01-26 21:00:00+00:00,20.9320152,Nature Park,258,0.44333333333333336,0.5,158860.20189730142,0.0,0.00022670688405471026,0.44333333333333336,0.625,0.0,0.00022670688405471026,0.3427006726992749
tabiatparki.655,HANDÜZÜ_TP,TabiatParklari,Rize-Güneysu,2014-12-01 22:00:00+00:00,2023-07-04 21:00:00+00:00,326.32,Nature Park,302,0.4383333333333333,0.5,64500.61066438044,0.0,0.0038196718100461796,0.4383333333333333,0.625,0.0,0.0038196718100461796,0.3414896174381736
tabiatparki.367,ISIRLIK_TP,TabiatParklari,Rize-Rize_Merkez Ilçe,2015-04-01 21:00:00+00:00,,12.4289822,Nature Park,174,0.4383333333333333,0.5,79809.07528639195,0.0,0.0001259890360958106,0.4383333333333333,0.625,0.0,0.0001259890360958106,0.340935565022081
tabiatparki.636,SÜRMENE_ÇAMBURNU_TP,TabiatParklari,Trabzon-Sürmene,2011-07-10 21:00:00+00:00,2019-03-28 21:00:00+00:00,5.33,Nature Park,291,0.4383333333333333,0.5,85474.82608917159,0.0,4.2150863655916573e-05,0.4383333333333333,0.625,0.0,4.2150863655916573e-05,0.340922989296215
tabiatparki.469,GENÇLIK_TP,TabiatParklari,Rize-Rize_Merkez Ilçe,2022-06-06 21:00:00+00:00,,5.09,Nature Park,221,0.4383333333333333,0.5,80604.02204136878,0.0,3.934744421491096e-05,0.4383333333333333,0.625,0.0,3.934744421491096e-05,0.3409225687832989
tabiatparki.651,SAHINKAYA_KANYONU_TP,TabiatParklari,"Samsun-Vezirköprü, Sinop-Duragan",2015-09-20 21:00:00+00:00,2019-03-11 21:00:00+00:00,1032.1379625,Nature Park,300,0.1,0.8,27288.148915318485,0.0,0.012254709124662616,0.1,1.0,0.0,0.012254709124662616,0.3368382063686994
tabiatparki.493,INBUKU_TP,TabiatParklari,Mugla-Datça,2011-07-10 21:00:00+00:00,2020-09-20 21:00:00+00:00,36.0,Nature Park,235,0.4116666666666666,0.5,8562.889689822472,0.0,0.002976387922321309,0.4116666666666666,0.625,0.0,0.002976387922321309,0.33202979152168155
milliparklar.69,HATILA VADISI_MP,MilliParklar,"Artvin-Yusufeli, Artvin-Murgul, Artvin-Artvin_Merkez Ilçe",1994-08-30 21:00:00+00:00,,16943.7794107,National Park,9,0.32666666666666666,0.5,104740.8255464823,0.0,0.20061820885872542,0.32666666666666666,0.625,0.0,0.20061820885872542,0.33192606466214214
tabiatparki.313,SARLAN_TP,TabiatParklari,Aydin-Çine,2014-03-11 22:00:00+00:00,,37.0287,Nature Park,155,0.72,0.2,12316.766665046554,0.0,0.000376491760299741,0.72,0.25,0.0,0.000376491760299741,0.32705647376404495
tabiatparki.584,KOÇKAYASI_TP,TabiatParklari,Giresun-Dereli,2011-07-10 21:00:00+00:00,2017-07-25 21:00:00+00:00,252.160623,Nature Park,267,0.7016666666666667,0.2,67038.65298557258,0.0,0.0029189269517886033,0.7016666666666667,0.25,0.0,0.0029189269517886033,0.3210211723761016
tabiatparki.268,AYMAÇ_TP,TabiatParklari,Giresun-Dereli,2017-09-21 21:00:00+00:00,2024-03-29 21:00:00+00:00,63.35,Nature Park,137,0.7016666666666667,0.2,64461.0896335152,0.0,0.0007178845765316271,0.7016666666666667,0.25,0.0,0.0007178845765316271,0.3206910160198131
tabiatparki.349,DEGIRMENBURNU_TP,TabiatParklari,Istanbul-Adalar,2011-07-10 21:00:00+00:00,,13.4435847533,Nature Park,167,0.91,0.0,14105.175724542734,0.0,0.00013737818021251758,0.91,0.0,0.0,0.00013737818021251758,0.31852060672703186
tabiatparki.149,DILBURNU_TP,TabiatParklari,Istanbul-Adalar,2011-07-10 21:00:00+00:00,,6.86913307955,Nature Park,77,0.91,0.0,11734.100312308992,0.0,6.003411434583351e-05,0.91,0.0,0.0,6.003411434583351e-05,0.31850900511715186
tabiatparki.34,BÜYÜKADA_TP,TabiatParklari,Istanbul-Adalar,2011-07-10 21:00:00+00:00,,2.66612243675,Nature Park,54,0.91,0.0,11073.32634937112,0.0,1.0637871924559909e-05,0.91,0.0,0.0,1.0637871924559909e-05,0.3185015956807887
tabiatparki.283,TUNCA VADISI_TP,TabiatParklari,"Rize-Ardesen, Rize-Findikli",2013-07-10 21:00:00+00:00,,4082.45234583,Nature Park,141,0.32666666666666666,0.5,103129.90511289876,0.0,0.04820866065310986,0.32666666666666666,0.625,0.0,0.04820866065310986,0.30906463243129983
milliparklar.694,DIVRIGI_MP,MilliParklar,Sivas-Divrigi,2024-11-01 21:00:00+00:00,,5049.34,National Park,47,0.0,0.8,11480.425631269998,0.0,0.056794210639758494,0.0,1.0,0.0,0.056794210639758494,0.3085191315959638
tabiatparki.373,YESILYUVA_TP,TabiatParklari,Kastamonu-Abana,2011-07-10 21:00:00+00:00,,5.02799949401,Nature Park,178,0.3383333333333334,0.5,54967.54206062073,0.0,4.0486219896171427e-05,0.3383333333333334,0.625,0.0,4.0486219896171427e-05,0.3059227395996511
milliparklar.27,IGNEADA_LONGOZ_ORMANLARI_MP,MilliParklar,Kirklareli-Demirköy,2007-11-12 22:00:00+00:00,,3155.00193135,National Park,3,0.0,0.8,140781.85676178162,0.0,0.038203459689247085,0.0,1.0,0.0,0.038203459689247085,0.30573051895338704
tabiatparki.282,ALTIPARMAK_TP,TabiatParklari,"Artvin-Yusufeli, Rize-Ardesen",2013-07-10 21:00:00+00:00,,2110.92253085,Nature Park,140,0.32666666666666666,0.5,95362.39779022722,0.0,0.024957308829318802,0.32666666666666666,0.625,0.0,0.024957308829318802,0.30557692965773114
tabiatparki.269,BALIKLI_GÜNESLI_SELALERI_TP,TabiatParklari,Artvin-Hopa,2017-05-31 21:00:00+00:00,,173.468082,Nature Park,138,0.32666666666666666,0.5,139202.98340619128,0.0,0.0020472971449083622,0.32666666666666666,0.625,0.0,0.0020472971449083622,0.3021404279050696
tabiatparki.436,CEHENNEM DERESI_TP,TabiatParklari,Artvin-Ardanuç,2018-04-30 21:00:00+00:00,,31.7765,Nature Park,204,0.32666666666666666,0.5,83354.98468064854,0.0,0.0003557410717900704,0.32666666666666666,0.625,0.0,0.0003557410717900704,0.3018866944941018
tabiatparki.482,ZINAV GÖLÜ_TP,TabiatParklari,Tokat-Resadiye,2011-07-10 21:00:00+00:00,2019-03-11 21:00:00+00:00,401.204873,Nature Park,227,0.0,0.8,8760.646097132592,0.0,0.0046399573837921995,0.0,1.0,0.0,0.0046399573837921995,0.3006959936075688
tabiatparki.443,OBRUK_SELALESI_TP,TabiatParklari,Adana-Saimbeyli,2018-05-10 21:00:00+00:00,,257.1648498,Nature Park,208,0.0,0.8,1328.3961466479236,0.0,0.002765062191858212,0.0,1.0,0.0,0.002765062191858212,0.3004147593287787
milliparklar.337,MALAZGIRT MEYDAN MUHAREBESI_MP,MilliParklar,Mus-Malazgirt,2018-03-16 21:00:00+00:00,,238.3281702,National Park,21,0.0,0.8,10940.704520181902,0.0,0.002642108971812725,0.0,1.0,0.0,0.002642108971812725,0.3003963163457719
tabiatparki.538,GÜNPINAR_SELALESI_TP,TabiatParklari,Malatya-Darende,2018-06-25 21:00:00+00:00,,135.1655643,Nature Park,249,0.0,0.8,10930.711312028223,0.0,0.0014659725492468189,0.0,1.0,0.0,0.0014659725492468189,0.300219895882387
tabiatparki.497,BUZLUK_TP,TabiatParklari,Sinop-Duragan,2020-08-22 21:00:00+00:00,,51.6,Nature Park,239,0.0,0.8,7495.513669562644,0.0,0.00059772984276248,0.0,1.0,0.0,0.00059772984276248,0.30008965947641436
tabiatparki.453,SALDA GÖLÜ_TP,TabiatParklari,Burdur-Yesilova,2011-07-10 21:00:00+00:00,2019-03-11 21:00:00+00:00,57.2580427,Nature Park,212,0.0,0.8,18613.659558434374,0.0,0.0005912264482086933,0.0,1.0,0.0,0.0005912264482086933,0.3000886839672313
tabiatparki.442,AKGÖL_TP,TabiatParklari,Sinop-Boyabat,2018-05-27 21:00:00+00:00,,40.0128845,Nature Park,207,0.0,0.8,8404.224278998541,0.0,0.00046178524708982135,0.0,1.0,0.0,0.00046178524708982135,0.30006926778706344
tabiatparki.591,DANISMENT_TP,TabiatParklari,Edirne-Kesan,2011-07-10 21:00:00+00:00,2020-05-03 21:00:00+00:00,34.0,Nature Park,273,0.0,0.8,16807.183361363586,0.0,0.00037611279978519793,0.0,1.0,0.0,0.00037611279978519793,0.30005641691996776
tabiatparki.403,VAKIF_TP,TabiatParklari,Edirne-Enez,2018-05-20 21:00:00+00:00,,26.78577,Nature Park,193,0.0,0.8,21340.998205869626,0.0,0.0002918194627515311,0.0,1.0,0.0,0.0002918194627515311,0.3000437729194127
tabiatparki.496,INALTI_MAGARASI_TP,TabiatParklari,Sinop-Ayancik,2020-08-02 21:00:00+00:00,,22.792,Nature Park,238,0.0,0.8,13463.700842128092,0.0,0.0002544231771931352,0.0,1.0,0.0,0.0002544231771931352,0.30003816347657897
tabiatparki.395,ÇILINGÖZ_TP,TabiatParklari,Istanbul-Çatalca,2011-07-10 21:00:00+00:00,,17.73,Nature Park,190,0.0,0.8,95588.27181608121,0.0,0.00019205273816285334,0.0,1.0,0.0,0.00019205273816285334,0.3000288079107244
tabiatparki.166,TOMARA SELALESI_TP,TabiatParklari,Gümüshane-Siran,2011-07-10 21:00:00+00:00,,6.62808621556,Nature Park,93,0.0,0.8,19981.624406850762,0.0,5.546782561661351e-05,0.0,1.0,0.0,5.546782561661351e-05,0.3000083201738425
tabiatparki.384,ERKMEN_TP,TabiatParklari,Afyonkarahisar-Afyonkarahisar_Merkez Ilçe,2018-05-27 21:00:00+00:00,,51.6744123,Nature Park,184,0.6333333333333333,0.2,2710.579374116403,0.0,0.0005524854297516942,0.6333333333333333,0.25,0.0,0.0005524854297516942,0.29674953948112937
tabiatparki.342,TASYARAN_VADISI_TP,TabiatParklari,"Usak-Usak_Merkez Ilçe, Usak-Esme",2016-06-21 21:00:00+00:00,,53.5027138,Nature Park,163,0.63,0.2,5130.775497222046,0.0,0.0005688061009692822,0.63,0.25,0.0,0.0005688061009692822,0.2955853209151454
tabiatparki.154,KATRANCI_KOYU_TP,TabiatParklari,Mugla-Fethiye,2011-07-10 21:00:00+00:00,,20.8678240711,Nature Park,82,0.615,0.2,24489.349395402056,0.0,0.00019775376742548517,0.615,0.25,0.0,0.00019775376742548517,0.2902796630651138
tabiatparki.378,ÇAGLAYAN_TP,TabiatParklari,Aydin-Karacasu,2014-03-11 22:00:00+00:00,,38.0427,Nature Park,181,0.5816666666666667,0.2,4029.666073299341,0.0,0.000389535464354714,0.5816666666666667,0.25,0.0,0.000389535464354714,0.2786417636529865
milliparklar.252,ALTINDERE VADISI_MP,MilliParklar,"Gümüshane-Gümüshane_Merkez Ilçe, Trabzon-Maçka",1987-09-08 21:00:00+00:00,,4467.71413335,National Park,19,0.5516666666666666,0.2,101815.89549497113,0.0,0.05218821408060348,0.5516666666666666,0.25,0.0,0.05218821408060348,0.27591156544542383
tabiatparki.345,BAYRAKTEPE TP,TabiatParklari,"Samsun-Tekkeköy, Samsun-Canik",2015-10-14 21:00:00+00:00,,132.0131626,Nature Park,164,0.23666666666666666,0.5,32353.76045346236,0.0,0.0015477157113097655,0.23666666666666666,0.625,0.0,0.0015477157113097655,0.2705654906900298
tabiatparki.683,KASYAYLA TP,TabiatParklari,Samsun-Canik,2024-09-15 21:00:00+00:00,,61.5,Nature Park,311,0.23666666666666666,0.5,27458.500110061996,0.0,0.000709827012931579,0.23666666666666666,0.625,0.0,0.000709827012931579,0.27043980738527307
tabiatparki.650,ÇAGLAYAN DIBI SELALESI_TP,TabiatParklari,Gümüshane-Kürtün,2014-12-01 22:00:00+00:00,2016-01-25 22:00:00+00:00,17.2909799,Nature Park,299,0.5516666666666666,0.2,104648.70465234478,0.0,0.00018156095185218793,0.5516666666666666,0.25,0.0,0.00018156095185218793,0.2681105674761111
tabiatparki.425,TAVSAN TEPESI_TP,TabiatParklari,Artvin-Savsat,2017-08-01 21:00:00+00:00,,5.0039823,Nature Park,200,0.52,0.2,70535.20794378116,0.0,3.879146053505132e-05,0.52,0.25,0.0,3.879146053505132e-05,0.25700581871908024
tabiatparki.445,HARSIT TP,TabiatParklari,Giresun-Dogankent,2019-03-11 21:00:00+00:00,,50.7256395,Nature Park,210,0.5083333333333333,0.2,114548.5792479562,0.0,0.0005743066983769549,0.5083333333333333,0.25,0.0,0.0005743066983769549,0.25300281267142316
tabiatparki.438,HIZIRILYAS_TEPESI_TP,TabiatParklari,Giresun-Tirebolu,2020-10-25 21:00:00+00:00,,32.0,Nature Park,205,0.5083333333333333,0.2,135086.0859955552,0.0,0.00036240577403268224,0.5083333333333333,0.25,0.0,0.00036240577403268224,0.2529710275327715
tabiatparki.710,KAYALIDERE SELALELERI_TP,TabiatParklari,Zonguldak-Eregli,2025-06-16 21:00:00+00:00,,53.67,Nature Park,321,0.4716666666666667,0.2,7114.999843186061,0.0,0.0006169007289957543,0.4716666666666667,0.25,0.0,0.0006169007289957543,0.24017586844268268
tabiatparki.381,HEMSIN SELALELERI_TP,TabiatParklari,Rize-Hemsin,2014-08-24 21:00:00+00:00,,49.9,Nature Park,182,0.4383333333333333,0.2,88608.02250669088,0.0,0.0005700966431796184,0.4383333333333333,0.25,0.0,0.0005700966431796184,0.2285021811631436
tabiatparki.294,GÖRNEK_TP,TabiatParklari,"Trabzon-Köprübasi, Trabzon-Çaykara",2011-07-10 21:00:00+00:00,,5.1039863586,Nature Park,146,0.4383333333333333,0.2,68998.88257416284,0.0,3.9046732273415284e-05,0.4383333333333333,0.25,0.0,3.9046732273415284e-05,0.22842252367650767
tabiatparki.56,BORÇKA KARAGÖL_TP,TabiatParklari,Artvin-Borçka,2002-08-13 21:00:00+00:00,,368.202882335,Nature Park,58,0.32666666666666666,0.2,126700.69514322128,0.0,0.004372124972562754,0.32666666666666666,0.25,0.0,0.004372124972562754,0.18998915207921774
milliparklar.575,SOGUKSU_MP,MilliParklar,Ankara-Kizilcahamam,1959-02-18 22:00:00+00:00,2016-01-20 22:00:00+00:00,1186.2621889,National Park,40,0.0,0.5,21063.115244148303,0.0,0.013761896693769789,0.0,0.625,0.0,0.013761896693769789,0.18956428450406546
tabiatparki.514,ÇAMKORU_TP,TabiatParklari,Ankara-Çamlidere,2008-04-08 21:00:00+00:00,2017-12-06 21:00:00+00:00,220.6565949,Nature Park,243,0.0,0.5,26291.348531965636,0.0,0.0025525894190041236,0.0,0.625,0.0,0.0025525894190041236,0.1878828884128506
tabiatparki.560,SAHINLER_TP,TabiatParklari,Ankara-Çamlidere,2009-07-16 21:00:00+00:00,2022-12-13 21:00:00+00:00,142.67,Nature Park,257,0.0,0.5,27309.164023519243,0.0,0.0016455052198285727,0.0,0.625,0.0,0.0016455052198285727,0.18774682578297427
tabiatparki.142,YERKÖPRÜ SELALESI_TP,TabiatParklari,Mersin-Mut,2021-05-31 21:00:00+00:00,,117.5,Nature Park,75,0.0,0.5,15309.318164273773,0.0,0.0011428697785358644,0.0,0.625,0.0,0.0011428697785358644,0.1876714304667804
tabiatparki.590,ALUÇDAGI_TP,TabiatParklari,Ankara-Çamlidere,2011-07-10 21:00:00+00:00,2018-06-03 21:00:00+00:00,96.5198028,Nature Park,272,0.0,0.5,19656.55178092461,0.0,0.0011019175036337421,0.0,0.625,0.0,0.0011019175036337421,0.18766528762554507
tabiatparki.108,KARTALTEPE_TP_2,TabiatParklari,Ankara-Kizilcahamam,2011-07-10 21:00:00+00:00,,93.0352280652,Nature Park,67,0.0,0.5,27005.89665891366,0.0,0.001059919109995519,0.0,0.625,0.0,0.001059919109995519,0.18765898786649932
tabiatparki.698,DIPSIZGÖL_SELALESI_TP,TabiatParklari,Sivas-Dogansar,2025-01-09 21:00:00+00:00,,40.99,Nature Park,318,0.0,0.5,33141.94945984506,0.0,0.00045030740618788606,0.0,0.625,0.0,0.00045030740618788606,0.18756754611092818
tabiatparki.164,OLUKÖZÜ_TP,TabiatParklari,Yozgat-Akdagmadeni,2011-07-10 21:00:00+00:00,,31.236348622,Nature Park,91,0.0,0.5,1938.218971051839,0.0,0.00033329329366773365,0.0,0.625,0.0,0.00033329329366773365,0.18754999399405017
tabiatparki.474,EMIR KAPLICALARI_TP,TabiatParklari,Manisa-Kula,2022-04-29 21:00:00+00:00,,17.08,Nature Park,223,0.0,0.5,14037.2776500881,0.0,0.00016769984784211183,0.0,0.625,0.0,0.00016769984784211183,0.1875251549771763
tabiatparki.165,TOPALÇAM_TP,TabiatParklari,Sinop-Boyabat,2011-07-10 21:00:00+00:00,,14.7158530196,Nature Park,92,0.0,0.5,13878.095294220562,0.0,0.00015556728829332187,0.0,0.625,0.0,0.00015556728829332187,0.187523335093244
tabiatparki.157,KADIPINARI_TP,TabiatParklari,Yozgat-Akdagmadeni,2011-07-10 21:00:00+00:00,,10.212778751,Nature Park,85,0.0,0.5,7788.979340587157,0.0,9.505178038553016e-05,0.0,0.625,0.0,9.505178038553016e-05,0.18751425776705782
tabiatparki.372,KARAEKSI_TP,TabiatParklari,Mersin-Mut,2011-07-10 21:00:00+00:00,,8.48045191175,Nature Park,177,0.0,0.5,294.5412744227804,0.0,6.810005426414842e-05,0.0,0.625,0.0,6.810005426414842e-05,0.18751021500813964
tabiatparki.499,ARKUT DAGI_TP,TabiatParklari,Bolu-Gerede,2023-04-13 21:00:00+00:00,,157.65,Nature Park,240,0.0,0.2,6236.824026493795,0.0,0.0018322429621731376,0.0,0.25,0.0,0.0018322429621731376,0.07527483644432596
tabiatparki.693,ÇAMLIKOY_TP,TabiatParklari,"Istanbul-Çatalca, Kirklareli-Vize",2011-07-10 21:00:00+00:00,2024-11-01 21:00:00+00:00,88.54,Nature Park,315,0.0,0.2,103205.59768150977,0.0,0.001043400958453406,0.0,0.25,0.0,0.001043400958453406,0.07515651014376801
tabiatparki.533,SUUCTU_TP,TabiatParklari,Bursa-Mustafakemalpasa,2011-07-10 21:00:00+00:00,2019-03-11 21:00:00+00:00,43.0375637,Nature Park,248,0.0,0.2,19361.47684875083,0.0,0.00047109587149370504,0.0,0.25,0.0,0.00047109587149370504,0.07507066438072406
tabiatparki.159,SOGUKSU_TP,TabiatParklari,Kars-Sarikamis,2011-07-10 21:00:00+00:00,,11.4661446571,Nature Park,87,0.0,0.2,37657.29196304014,0.0,0.00011183859482312243,0.0,0.25,0.0,0.00011183859482312243,0.07501677578922347
